best_real_scale_second_over_first,component,max_abs_difference,pearson_correlation,region,relative_l2_after_best_real_scale,symmetric_relative_l2,window
0.9999825757309997,complex_response,0.13537681429571968,,mqc,0.00079086760742534,0.0007910527668831007,gamma_1
0.9998922561960206,signed_strength,0.024476510476983293,0.9999997819563715,mqc,0.0007046587973367761,0.0007128117691480723,gamma_1
0.9999467541153726,complex_response,0.13537681429571968,,experiment_range,0.0007753785093590321,0.0007771841965448739,gamma_1
0.9998906815498655,signed_strength,0.024476510476983293,0.9999996550244477,experiment_range,0.0007492326573420149,0.0007571262718586376,gamma_1
0.9998965502709436,complex_response,0.09200595785937571,,mqc,0.000872720581541616,0.0008787864697527064,gamma_2
0.9997642628492559,signed_strength,0.018732398209792223,0.9999997759668903,mqc,0.0007179674322378998,0.0007556063359447866,gamma_2
0.9998579259754499,complex_response,0.09200595785937571,,experiment_range,0.0008257719212223511,0.0008378487359811254,gamma_2
0.9997827453130516,signed_strength,0.018732398209792223,0.9999995648984937,experiment_range,0.0007680736827757536,0.0007981347152392997,gamma_2
1.0000462252622577,complex_response,0.20321181654581827,,mqc,0.0007172403193006797,0.0007187449221128996,cosine_6
0.9999944468986817,signed_strength,0.03907863830141167,0.9999997927743167,mqc,0.0006768137930300574,0.0006768347720825968,cosine_6
1.0000206045344795,complex_response,0.20321181654581827,,experiment_range,0.0007246523593292489,0.000724952782986614,cosine_6
0.9999845545663469,signed_strength,0.03907863830141167,0.9999997180745586,experiment_range,0.0007175703628180929,0.0007177311266808494,cosine_6
