energy_mev,energy_bin_width_mev,is0_strength_fm4_per_mev,experimental_uncertainty_minus_fm4_per_mev,experimental_uncertainty_plus_fm4_per_mev,digitization_coordinate_uncertainty_fm4_per_mev,source_kind,source_figure
9.75,0.5,0.4966846377889349,0.508768668277887,0.26832744624155214,0.2,digitized_from_author_arxiv_vector_figure,"Bahini et al. PRC 105 (2022), Fig. 6"
10.25,0.5,0.3163537212616837,0.32843775175063583,1.9411910516205126,0.2,digitized_from_author_arxiv_vector_figure,"Bahini et al. PRC 105 (2022), Fig. 6"
10.75,0.5,10.818615603891676,1.7958728388176208,1.3568197310528483,0.2,digitized_from_author_arxiv_vector_figure,"Bahini et al. PRC 105 (2022), Fig. 6"
11.25,0.5,2.451508954576432,2.463592985065384,2.522463902832007,0.2,digitized_from_author_arxiv_vector_figure,"Bahini et al. PRC 105 (2022), Fig. 6"
11.75,0.5,25.002478775484903,5.830699634380611,5.443700811798976,0.2,digitized_from_author_arxiv_vector_figure,"Bahini et al. PRC 105 (2022), Fig. 6"
12.25,0.5,1.6452872281093145,1.4296337609221144,0.9555679494329812,0.2,digitized_from_author_arxiv_vector_figure,"Bahini et al. PRC 105 (2022), Fig. 6"
12.75,0.5,3.7175435334944504,3.7296275639834024,5.9053727458635334,0.2,digitized_from_author_arxiv_vector_figure,"Bahini et al. PRC 105 (2022), Fig. 6"
13.25,0.5,10.929850653777025,4.294788374542971,3.8572845014562844,0.2,digitized_from_author_arxiv_vector_figure,"Bahini et al. PRC 105 (2022), Fig. 6"
13.75,0.5,74.48007684204002,7.344921608725286,7.141662018962634,0.2,digitized_from_author_arxiv_vector_figure,"Bahini et al. PRC 105 (2022), Fig. 6"
14.25,0.5,1.3695234554130131,1.3816074859019654,3.2090847121522055,0.2,digitized_from_author_arxiv_vector_figure,"Bahini et al. PRC 105 (2022), Fig. 6"
14.75,0.5,0.422941067112849,0.43502509760180114,4.41160066926938,0.2,digitized_from_author_arxiv_vector_figure,"Bahini et al. PRC 105 (2022), Fig. 6"
15.25,0.5,41.08446427464832,5.192414947016182,4.864596889136763,0.2,digitized_from_author_arxiv_vector_figure,"Bahini et al. PRC 105 (2022), Fig. 6"
15.75,0.5,9.414699138625515,3.1616781310032867,2.7170477783974736,0.2,digitized_from_author_arxiv_vector_figure,"Bahini et al. PRC 105 (2022), Fig. 6"
16.25,0.5,18.338290884303152,3.7863295532007264,3.3751626696411883,0.2,digitized_from_author_arxiv_vector_figure,"Bahini et al. PRC 105 (2022), Fig. 6"
16.75,0.5,49.23963562000371,8.850158021937155,8.552704963747907,0.2,digitized_from_author_arxiv_vector_figure,"Bahini et al. PRC 105 (2022), Fig. 6"
17.25,0.5,25.73371754353349,9.416248373303581,9.03048893846439,0.2,digitized_from_author_arxiv_vector_figure,"Bahini et al. PRC 105 (2022), Fig. 6"
17.75,0.5,41.708805849910135,7.720456094689233,7.395426659230338,0.2,digitized_from_author_arxiv_vector_figure,"Bahini et al. PRC 105 (2022), Fig. 6"
18.25,0.5,21.900601103055077,7.027328499721122,6.628555493586177,0.2,digitized_from_author_arxiv_vector_figure,"Bahini et al. PRC 105 (2022), Fig. 6"
18.75,0.5,47.54136456590444,9.0775856726777,8.773935675776158,0.2,digitized_from_author_arxiv_vector_figure,"Bahini et al. PRC 105 (2022), Fig. 6"
19.25,0.5,44.66319638098778,8.583379810373678,8.26888517072566,0.2,digitized_from_author_arxiv_vector_figure,"Bahini et al. PRC 105 (2022), Fig. 6"
19.75,0.5,12.515647270248488,8.928859143583072,8.494453739852519,0.2,digitized_from_author_arxiv_vector_figure,"Bahini et al. PRC 105 (2022), Fig. 6"
20.25,0.5,15.658734585114946,9.8834975522092,9.463345107516894,0.2,digitized_from_author_arxiv_vector_figure,"Bahini et al. PRC 105 (2022), Fig. 6"
20.75,0.5,26.11482927433846,7.0861994174877445,6.7032286050691,0.2,digitized_from_author_arxiv_vector_figure,"Bahini et al. PRC 105 (2022), Fig. 6"
21.25,0.5,26.7574518188015,9.461486025903202,9.082543223647512,0.2,digitized_from_author_arxiv_vector_figure,"Bahini et al. PRC 105 (2022), Fig. 6"
21.75,0.5,35.64138315672058,9.937410919006012,9.591002044989771,0.2,digitized_from_author_arxiv_vector_figure,"Bahini et al. PRC 105 (2022), Fig. 6"
22.25,0.5,28.39282394497118,10.051744438247514,9.676829646154797,0.2,digitized_from_author_arxiv_vector_figure,"Bahini et al. PRC 105 (2022), Fig. 6"
22.75,0.5,22.416186403916466,9.524384953832818,9.126231641569063,0.2,digitized_from_author_arxiv_vector_figure,"Bahini et al. PRC 105 (2022), Fig. 6"
23.25,0.5,27.285121150151824,9.747784594410373,9.368222098283432,0.2,digitized_from_author_arxiv_vector_figure,"Bahini et al. PRC 105 (2022), Fig. 6"
23.75,0.5,22.0917766623288,10.844023052612005,10.446179587283883,0.2,digitized_from_author_arxiv_vector_figure,"Bahini et al. PRC 105 (2022), Fig. 6"
24.25,0.5,20.67205800334634,10.556794943298017,10.15368408006444,0.2,digitized_from_author_arxiv_vector_figure,"Bahini et al. PRC 105 (2022), Fig. 6"
24.75,0.5,25.878725909400742,10.325339282394484,9.942988163847069,0.2,digitized_from_author_arxiv_vector_figure,"Bahini et al. PRC 105 (2022), Fig. 6"
