energy_interval_mev,component,scale_kev,source_kind,source_table
10-24,combined,270,author_supplied_numerical_table,"Bahini et al. PRC 113 (2026), Table III"
10-24,combined,360,author_supplied_numerical_table,"Bahini et al. PRC 113 (2026), Table III"
10-24,combined,510,author_supplied_numerical_table,"Bahini et al. PRC 113 (2026), Table III"
10-24,combined,710,author_supplied_numerical_table,"Bahini et al. PRC 113 (2026), Table III"
10-24,combined,1150,author_supplied_numerical_table,"Bahini et al. PRC 113 (2026), Table III"
10-24,combined,1600,author_supplied_numerical_table,"Bahini et al. PRC 113 (2026), Table III"
10-18,MQC,270,author_supplied_numerical_table,"Bahini et al. PRC 113 (2026), Table IV"
10-18,MQC,360,author_supplied_numerical_table,"Bahini et al. PRC 113 (2026), Table IV"
10-18,MQC,490,author_supplied_numerical_table,"Bahini et al. PRC 113 (2026), Table IV"
10-18,MQC,710,author_supplied_numerical_table,"Bahini et al. PRC 113 (2026), Table IV"
10-18,MQC,1150,author_supplied_numerical_table,"Bahini et al. PRC 113 (2026), Table IV"
10-18,MQC,1600,author_supplied_numerical_table,"Bahini et al. PRC 113 (2026), Table IV"
18-24,ISGMR,230,author_supplied_numerical_table,"Bahini et al. PRC 113 (2026), Table V"
18-24,ISGMR,320,author_supplied_numerical_table,"Bahini et al. PRC 113 (2026), Table V"
18-24,ISGMR,530,author_supplied_numerical_table,"Bahini et al. PRC 113 (2026), Table V"
18-24,ISGMR,870,author_supplied_numerical_table,"Bahini et al. PRC 113 (2026), Table V"
18-24,ISGMR,1300,author_supplied_numerical_table,"Bahini et al. PRC 113 (2026), Table V"
18-24,ISGMR,2000,author_supplied_numerical_table,"Bahini et al. PRC 113 (2026), Table V"
