edf,channel,propagation_time_fm_c,gamma_mev,small_grid,large_grid,spacing_fm,complex_response_symmetric_relative_l2_9_25,signed_strength_symmetric_relative_l2_9_25
SLy5,e0_diagonal,8000.0,1.0,24^3,32^3,1.0,0.14228220300753158,0.13020394523506246
SLy5,e0_diagonal,8000.0,0.5,24^3,32^3,1.0,0.3691851708263236,0.3461801621655415
SLy5,e0_diagonal,8000.0,0.2,24^3,32^3,1.0,0.8189005808827496,0.7895117732911758
SLy5,e0_diagonal,8000.0,0.1,24^3,32^3,1.0,1.1446113917609684,1.120482178386521
SLy5,e0_diagonal,8000.0,0.07,24^3,32^3,1.0,1.25272641753435,1.2325924189350905
SLy5,q20_from_e0,8000.0,1.0,24^3,32^3,1.0,0.129313146853978,0.12507527696079235
SLy5,q20_from_e0,8000.0,0.5,24^3,32^3,1.0,0.3549841236883825,0.3473952988847285
SLy5,q20_from_e0,8000.0,0.2,24^3,32^3,1.0,0.8135463697065605,0.8045380134767935
SLy5,q20_from_e0,8000.0,0.1,24^3,32^3,1.0,1.143431712447244,1.1363344536370956
SLy5,q20_from_e0,8000.0,0.07,24^3,32^3,1.0,1.2523861114691741,1.2465321913025582
