iteration,time_fm_c,nx,ny,nz,particle_number,rms_radius_fm,center_x_fm,center_y_fm,center_z_fm,shell_thickness_fm,shell_particles,shell_fraction,outermost_max_density_fm3,outermost_mean_density_fm3,minimum_density_fm3,maximum_density_fm3,family,role,file
0,0.0,24,24,24,24.000000000000004,3.067864362867019,-1.6745037948832453e-09,3.645099562357527e-14,-1.5144890311786968e-09,2.0,1.8241152799778002e-05,7.600480333240833e-07,4.508758079952759e-08,1.1457780325688694e-09,1.2240639890993578e-14,0.16310292791242967,sly5_n24_e0,e0,000000.tdd
10000,2000.0000000003176,24,24,24,23.9999972845121,3.06782990609693,1.6654664718430757e-09,-3.09505659364161e-14,-1.3739304593051946e-10,2.0,1.859039268620519e-05,7.74599782900897e-07,4.579085263940577e-08,1.1959048214744674e-09,6.5663050523329394e-12,0.16310528986858194,sly5_n24_e0,e0,010000.tdd
20000,3999.999999998553,24,24,24,23.999994529600574,3.0678458410937117,-1.6393015129293235e-09,1.9250635117835756e-14,1.4900797290793005e-09,2.0,1.8252699390350007e-05,7.605293146145472e-07,4.510492275922336e-08,1.1587677066374097e-09,9.688355055567297e-12,0.16310473474684972,sly5_n24_e0,e0,020000.tdd
30000,5999.999999996734,24,24,24,23.999991785498462,3.0678998457087934,1.5962609664946855e-09,-3.2895136594372597e-14,4.002065926681142e-10,2.0,1.8163795368095908e-05,7.568250660431907e-07,4.462892843429984e-08,1.142250726179036e-09,8.468718814130485e-12,0.16309977226563238,sly5_n24_e0,e0,030000.tdd
40000,7999.999999994915,24,24,24,23.99998906015751,3.06790973857571,-1.5368201870081395e-09,1.3952172695375308e-14,-1.4193103124871376e-09,2.0,1.803733093832351e-05,7.515557983427319e-07,4.431143827646596e-08,1.1280947333560458e-09,5.399886993384715e-12,0.1630999091084716,sly5_n24_e0,e0,040000.tdd
50000,10000.000000001317,24,24,24,23.999986332927687,3.067894481104576,1.4615771367406862e-09,-3.478525286151179e-14,-6.503842669290316e-10,2.0,1.81875364758819e-05,7.578144513744503e-07,4.491726253411125e-08,1.1454911634743192e-09,2.420253006547297e-12,0.16310167969062878,sly5_n24_e0,e0,050000.tdd
60000,12000.000000008593,24,24,24,23.999983625788236,3.067814167743361,-1.3712809140255993e-09,2.183826352054887e-14,1.3045503099177794e-09,2.0,1.8157295886725385e-05,7.565545114462153e-07,4.425578085691661e-08,1.1422425695490224e-09,4.717791597030421e-12,0.1631077630386925,sly5_n24_e0,e0,060000.tdd
70000,14000.000000015869,24,24,24,23.999980851065786,3.067820472488645,1.2668288385921626e-09,-3.367421245034767e-14,8.803704989705542e-10,2.0,1.8577784059670706e-05,7.740749534325445e-07,4.591211930039727e-08,1.194082619265568e-09,4.413307545376088e-12,0.16310824605491753,sly5_n24_e0,e0,070000.tdd
80000,16000.000000023145,24,24,24,23.99997810359841,3.067885098252916,-1.1493813432823573e-09,3.098171520866524e-14,-1.1491635565692646e-09,2.0,1.87795435921413e-05,7.824816969031155e-07,4.739938814263788e-08,1.20973755429265e-09,5.672511498200011e-12,0.1631012495504701,sly5_n24_e0,e0,080000.tdd
90000,18000.00000003042,24,24,24,23.999975366815757,3.067918982330077,1.0201046041987678e-09,-3.139839952232284e-14,-1.0828106594963144e-09,2.0,1.82380804032594e-05,7.599207967720165e-07,4.543767254909448e-08,1.1450594251728506e-09,3.208409199887544e-12,0.16309845083875368,sly5_n24_e0,e0,090000.tdd
0,0.0,24,24,24,24.000000000000004,3.067864362867019,-1.6745040169278503e-09,3.649202815829479e-14,-1.5144889730407552e-09,2.0,1.8241152799777887e-05,7.600480333240785e-07,4.508758079953263e-08,1.1457780325688593e-09,1.2240639890994646e-14,0.1631029279124297,sly5_n24_e0,reference,000000.tdd
10000,2000.0000000003176,24,24,24,23.9999972725823,3.067856039451635,1.6656799685828354e-09,-3.320073972508317e-14,-1.334998560636375e-10,2.0,1.8256377860552983e-05,7.606824973021622e-07,4.516199359336833e-08,1.1475645909985409e-09,1.6716075833995929e-13,0.16310297849183852,sly5_n24_e0,reference,010000.tdd
20000,3999.999999998553,24,24,24,23.999994527397533,3.067862513239649,-1.6397285419598787e-09,2.59314610660457e-14,1.4907509154928992e-09,2.0,1.8242763534749457e-05,7.601153206066015e-07,4.511918162107243e-08,1.146714131410558e-09,2.912580644192546e-13,0.1631028427990181,sly5_n24_e0,reference,020000.tdd
30000,5999.999999996734,24,24,24,23.999991799127447,3.067863737583039,1.5969005652912493e-09,-4.198088376413334e-14,3.964265567086784e-10,2.0,1.8236349406812158e-05,7.59848151592917e-07,4.498450283294418e-08,1.1459553815623737e-09,7.230197063845584e-13,0.16310303529793735,sly5_n24_e0,reference,030000.tdd
40000,7999.999999994915,24,24,24,23.999989072617726,3.067863352439151,-1.5376645852198165e-09,2.831041993232947e-14,-1.4206555026226906e-09,2.0,1.8216090071870457e-05,7.590040985749329e-07,4.494743584899779e-08,1.1426821124291175e-09,5.449482197204216e-13,0.16310353012885295,sly5_n24_e0,reference,040000.tdd
50000,10000.000000001317,24,24,24,23.999986333354148,3.067873492046445,1.4626089415739223e-09,-4.134539915338069e-14,-6.468500352444665e-10,2.0,1.8237394432112028e-05,7.598918673868777e-07,4.505565148302981e-08,1.1453749364299352e-09,5.86772249271702e-13,0.16310337870572972,sly5_n24_e0,reference,050000.tdd
60000,12000.000000008593,24,24,24,23.99998359958274,3.0678684051217187,-1.3724866185515568e-09,2.4160779780258847e-14,1.3065122478675072e-09,2.0,1.8267643492305156e-05,7.611523323133752e-07,4.529081479125814e-08,1.1491208009119955e-09,3.941376698111367e-13,0.16310339505159882,sly5_n24_e0,reference,060000.tdd
70000,14000.000000015869,24,24,24,23.999980845167922,3.067876034778639,1.268203407127335e-09,-2.921682789456354e-14,8.771784774222275e-10,2.0,1.8265898036822333e-05,7.610796922990016e-07,4.5268181232502564e-08,1.1485055973895063e-09,5.127307929866612e-13,0.16310309988773858,sly5_n24_e0,reference,070000.tdd
80000,16000.000000023145,24,24,24,23.99997812057298,3.067869398970998,-1.1509157831106255e-09,2.623557519233158e-14,-1.1517003667251813e-09,2.0,1.826353287642777e-05,7.609812302608775e-07,4.5106147003082986e-08,1.1487878136485862e-09,1.4117586848701962e-13,0.16310291071685468,sly5_n24_e0,reference,080000.tdd
90000,18000.00000003042,24,24,24,23.99997538029485,3.0678659613548236,1.0217824854041695e-09,-2.7456062437300435e-14,-1.0800579306937694e-09,2.0,1.8245818313874482e-05,7.602432096182561e-07,4.509887524657957e-08,1.146959207319203e-09,3.80244276639793e-13,0.16310283730251446,sly5_n24_e0,reference,090000.tdd
0,0.0,24,24,24,23.999999999999996,3.0616941702622125,-1.7637558450781894e-09,-3.2885857778442177e-13,-1.7616736740889192e-09,2.0,1.9375991444074777e-05,8.073329768364491e-07,4.837352928663195e-08,1.2469792466552645e-09,1.638754282029675e-14,0.1647269027135172,skms_n24_e0,e0,000000.tdd
10000,2000.0000000003176,24,24,24,23.999998276774686,3.061743597075902,1.6202147084534494e-09,1.4824753072552833e-13,-1.749721007131518e-09,2.0,1.9191293464118918e-05,7.99637285086422e-07,4.7935366339525987e-08,1.2255471736813073e-09,7.503639503808618e-12,0.1647236689620521,skms_n24_e0,e0,010000.tdd
20000,3999.999999998553,24,24,24,23.99999655413422,3.0616967789507092,-1.2115987361778794e-09,-7.62042188608687e-14,-1.7136862435359687e-09,2.0,1.943309384973983e-05,8.097123599958309e-07,4.808454259320375e-08,1.2652217378552299e-09,9.531787757743691e-12,0.16472545686100284,skms_n24_e0,e0,020000.tdd
30000,5999.999999996734,24,24,24,23.999994836712034,3.0617343596810676,6.047498988848179e-10,1.190043407844487e-13,-1.6539609736410976e-09,2.0,1.9743035610741888e-05,8.226266607583428e-07,4.986823153785132e-08,1.2961359917677124e-09,8.975361417434486e-12,0.16472648481872182,skms_n24_e0,e0,030000.tdd
40000,7999.999999994915,24,24,24,23.999993141402193,3.061649047236682,1.008943957683277e-10,-2.286270197628733e-14,-1.5713515160105715e-09,2.0,1.937683011960119e-05,8.073681523756095e-07,4.8440602124008074e-08,1.2611616169338278e-09,8.77214690972828e-12,0.16472690739263834,skms_n24_e0,e0,040000.tdd
50000,10000.000000001317,24,24,24,23.99999144413579,3.0617022282404855,-7.899198928050144e-10,-1.608942548094252e-13,-1.4670371372800877e-09,2.0,1.934748622958948e-05,8.061455469525547e-07,4.8137417204391935e-08,1.2417429682429827e-09,1.1278081306232521e-11,0.1647270214827063,skms_n24_e0,e0,050000.tdd
60000,12000.000000008593,24,24,24,23.999989721575787,3.061677941105652,1.3495653342193199e-09,1.0354952060502149e-13,-1.3424564917257037e-09,2.0,1.983510784709798e-05,8.264631809098813e-07,4.9286131310083946e-08,1.3187633437047076e-09,9.984592835033832e-12,0.16473118458951685,skms_n24_e0,e0,060000.tdd
70000,14000.000000015869,24,24,24,23.99998797835557,3.061624373414881,-1.688348640600637e-09,-1.2356455738907866e-13,-1.1992719917914946e-09,2.0,1.970307887133778e-05,8.209620308604752e-07,4.8547118365398865e-08,1.2958156567994261e-09,5.325061560615562e-12,0.16472448833785813,skms_n24_e0,e0,070000.tdd
80000,16000.000000023145,24,24,24,23.999986272712174,3.061776322220427,1.7507594655113648e-09,2.380277366591129e-13,-1.0395603132114777e-09,2.0,1.9228431341094678e-05,8.011850974663797e-07,4.773905567835291e-08,1.2353657421605655e-09,1.2858341964910301e-11,0.16472781678161397,skms_n24_e0,e0,080000.tdd
90000,18000.00000003042,24,24,24,23.999984532124685,3.0616791790875704,-1.526711519728446e-09,-2.0110659846522665e-13,-8.654386299907614e-10,2.0,1.958110382945261e-05,8.15879852057518e-07,4.884697556197426e-08,1.284956704765733e-09,9.7915395394149e-12,0.1647195653814019,skms_n24_e0,e0,090000.tdd
0,0.0,24,24,24,23.999999999999996,3.0616941702622125,-1.7637558080707551e-09,-3.287729867991676e-13,-1.7616736222788784e-09,2.0,1.9375991444074777e-05,8.073329768364491e-07,4.837352928663196e-08,1.2469792466552645e-09,1.6387542820296745e-14,0.1647269027135172,skms_n24_e0,reference,000000.tdd
10000,2000.0000000003176,24,24,24,23.999998301553816,3.061699322368758,1.619278899726954e-09,1.4978014193129542e-13,-1.749311568601582e-09,2.0,1.9382208526412675e-05,8.07592079086015e-07,4.844869959412497e-08,1.2476258816410902e-09,1.3137371232112658e-13,0.16472789675088884,skms_n24_e0,reference,010000.tdd
20000,3999.999999998553,24,24,24,23.999996568642622,3.0616738169265836,-1.2098638266842545e-09,-7.735076955239503e-14,-1.7128686905724694e-09,2.0,1.939753949636205e-05,8.082309279038004e-07,4.8379058047602336e-08,1.2495232235470304e-09,9.66269452382973e-13,0.16472637255198752,skms_n24_e0,reference,020000.tdd
30000,5999.999999996734,24,24,24,23.999994864170503,3.0617213085864208,6.025145376693559e-10,1.2014108282368802e-13,-1.6527417923494563e-09,2.0,1.940032988098458e-05,8.083472513549265e-07,4.8400349288015705e-08,1.2498669359298836e-09,7.276691756951063e-13,0.16472854268235676,skms_n24_e0,reference,030000.tdd
40000,7999.999999994915,24,24,24,23.999993146481533,3.0616703561242256,1.032781192764169e-10,-1.6035362615812028e-14,-1.5697428866231696e-09,2.0,1.9473783669687853e-05,8.11407884611949e-07,4.8780863164498237e-08,1.2594062484381864e-09,8.460956176751106e-13,0.16472561937470695,skms_n24_e0,reference,040000.tdd
50000,10000.000000001317,24,24,24,23.99999141548653,3.0617004480016443,-7.920593682965428e-10,-1.6923075850898694e-13,-1.465069776576038e-09,2.0,1.944920525189924e-05,8.103838420270937e-07,4.859933322572449e-08,1.2571513529896964e-09,3.702538877207867e-12,0.16472756776135555,skms_n24_e0,reference,050000.tdd
60000,12000.000000008593,24,24,24,23.99998971863179,3.0617111540332544,1.3511123568175426e-09,1.1020193840555101e-13,-1.3401618289934074e-09,2.0,1.9470866288680806e-05,8.11286442908977e-07,4.875425113786995e-08,1.2604102473896739e-09,3.3171279169652955e-12,0.16472803827350896,skms_n24_e0,reference,060000.tdd
70000,14000.000000015869,24,24,24,23.99998798354675,3.0616461474180934,-1.6890456015918325e-09,-1.2939966070794404e-13,-1.196675044506325e-09,2.0,1.95548050728072e-05,8.147839526508532e-07,4.9132869197982366e-08,1.270955658592293e-09,3.511444061421903e-12,0.16472416355870412,skms_n24_e0,reference,070000.tdd
80000,16000.000000023145,24,24,24,23.999986284427226,3.0617482377848635,1.750505778550667e-09,2.4020352825862233e-13,-1.03670561538346e-09,2.0,1.9500457777328448e-05,8.125195383958044e-07,4.8813182644546505e-08,1.2645549924861578e-09,5.847527310693324e-12,0.16473056965526167,skms_n24_e0,reference,080000.tdd
90000,18000.00000003042,24,24,24,23.999984552575548,3.061635037273851,-1.5255308324883104e-09,-1.9611347815754552e-13,-8.623656148472599e-10,2.0,1.962044544089375e-05,8.175190862274197e-07,4.9301767363334064e-08,1.2805634360252052e-09,3.924930889423157e-12,0.16472355636077507,skms_n24_e0,reference,090000.tdd
0,0.0,24,24,24,24.000000000000007,3.067864362867019,-1.67450401692785e-09,3.6451803128318313e-14,-1.5144889835486222e-09,2.0,1.824115279977765e-05,7.600480333240686e-07,4.5087580799527903e-08,1.1457780325688754e-09,1.224063989037373e-14,0.1631029279124297,sly5_n24_e2,e2,000000.tdd
10000,2000.0000000003176,24,24,24,23.99999745530937,3.067624246803064,1.6661989852200108e-09,-3.161078618158311e-14,-1.5335984736792828e-10,2.0,2.0291897205572884e-05,8.454958065457558e-07,4.719816555955186e-08,1.420812325903302e-09,7.341263647046673e-11,0.16312385810167726,sly5_n24_e2,e2,010000.tdd
20000,3999.999999998553,24,24,24,23.999994627859554,3.067716945798278,-1.640739837475609e-09,2.296329986248933e-14,1.4872970010755295e-09,2.0,1.930692045227754e-05,8.044551989134938e-07,4.5365028580964995e-08,1.3316872017992054e-09,6.005887356768844e-11,0.16311853378936125,sly5_n24_e2,e2,020000.tdd
30000,5999.999999996734,24,24,24,23.9999917219958,3.0680145991328005,1.598359218943699e-09,-3.177891627851639e-14,4.1567231367540197e-10,2.0,1.901057211514057e-05,7.921074446753885e-07,4.5765460939560425e-08,1.279032261198058e-09,5.447954951079016e-11,0.1630906594595859,sly5_n24_e2,e2,030000.tdd
40000,7999.999999994915,24,24,24,23.999988890357983,3.068205555578985,-1.5395932402208035e-09,1.2919516051243427e-14,-1.4137254320747228e-09,2.0,1.796410248902323e-05,7.485046168600654e-07,4.290853980648073e-08,1.160980868606548e-09,2.5058388049476295e-11,0.16307812379654685,sly5_n24_e2,e2,040000.tdd
50000,10000.000000001317,24,24,24,23.999986325340068,3.067990690609173,1.4650065070575077e-09,-2.990745840055726e-14,-6.648933417454604e-10,2.0,1.8955077440823404e-05,7.897953433752559e-07,4.61687156288459e-08,1.2872868462485182e-09,5.427770418005818e-11,0.16309708943171736,sly5_n24_e2,e2,050000.tdd
60000,12000.000000008593,24,24,24,23.99998379703524,3.067624116899516,-1.3753493192615247e-09,1.4359509656869902e-14,1.2964651675145323e-09,2.0,1.9203315169847145e-05,8.001386722694105e-07,4.2647074040791375e-08,1.3100575083272017e-09,4.161853405680739e-11,0.1631222068133385,sly5_n24_e2,e2,060000.tdd
70000,14000.000000015869,24,24,24,23.99998091904131,3.067598814681825,1.2714594678990506e-09,-1.6781927019300264e-14,8.93474239916735e-10,2.0,1.975560860639718e-05,8.23151013037819e-07,4.8567179308309916e-08,1.3553996931473277e-09,1.3579574218247326e-11,0.16312572271669154,sly5_n24_e2,e2,070000.tdd
80000,16000.000000023145,24,24,24,23.999977977994806,3.067918205204359,-1.1545194291627797e-09,1.5075002525547066e-14,-1.138718343874983e-09,2.0,1.9875683901260807e-05,8.281542557865887e-07,4.43907031791855e-08,1.3605093865251897e-09,5.0962780739105956e-11,0.16309609347212073,sly5_n24_e2,e2,080000.tdd
90000,18000.00000003042,24,24,24,23.99997524904426,3.0681510104362326,1.0256917753305543e-09,-1.5563612875748783e-14,-1.0940396597621846e-09,2.0,1.866234540134995e-05,7.775985269856947e-07,4.233873430818109e-08,1.227805648948253e-09,5.487818970799e-11,0.16307896010102135,sly5_n24_e2,e2,090000.tdd
0,0.0,24,24,24,24.000000000000004,3.067864362867019,-1.6745040169278503e-09,3.649202815829479e-14,-1.5144889730407552e-09,2.0,1.8241152799777887e-05,7.600480333240785e-07,4.508758079953263e-08,1.1457780325688593e-09,1.2240639890994646e-14,0.1631029279124297,sly5_n24_e2,reference,000000.tdd
10000,2000.0000000003176,24,24,24,23.9999972725823,3.067856039451635,1.6656799685828354e-09,-3.320073972508317e-14,-1.334998560636375e-10,2.0,1.8256377860552983e-05,7.606824973021622e-07,4.516199359336833e-08,1.1475645909985409e-09,1.6716075833995929e-13,0.16310297849183852,sly5_n24_e2,reference,010000.tdd
20000,3999.999999998553,24,24,24,23.999994527397533,3.067862513239649,-1.6397285419598787e-09,2.59314610660457e-14,1.4907509154928992e-09,2.0,1.8242763534749457e-05,7.601153206066015e-07,4.511918162107243e-08,1.146714131410558e-09,2.912580644192546e-13,0.1631028427990181,sly5_n24_e2,reference,020000.tdd
30000,5999.999999996734,24,24,24,23.999991799127447,3.067863737583039,1.5969005652912493e-09,-4.198088376413334e-14,3.964265567086784e-10,2.0,1.8236349406812158e-05,7.59848151592917e-07,4.498450283294418e-08,1.1459553815623737e-09,7.230197063845584e-13,0.16310303529793735,sly5_n24_e2,reference,030000.tdd
40000,7999.999999994915,24,24,24,23.999989072617726,3.067863352439151,-1.5376645852198165e-09,2.831041993232947e-14,-1.4206555026226906e-09,2.0,1.8216090071870457e-05,7.590040985749329e-07,4.494743584899779e-08,1.1426821124291175e-09,5.449482197204216e-13,0.16310353012885295,sly5_n24_e2,reference,040000.tdd
50000,10000.000000001317,24,24,24,23.999986333354148,3.067873492046445,1.4626089415739223e-09,-4.134539915338069e-14,-6.468500352444665e-10,2.0,1.8237394432112028e-05,7.598918673868777e-07,4.505565148302981e-08,1.1453749364299352e-09,5.86772249271702e-13,0.16310337870572972,sly5_n24_e2,reference,050000.tdd
60000,12000.000000008593,24,24,24,23.99998359958274,3.0678684051217187,-1.3724866185515568e-09,2.4160779780258847e-14,1.3065122478675072e-09,2.0,1.8267643492305156e-05,7.611523323133752e-07,4.529081479125814e-08,1.1491208009119955e-09,3.941376698111367e-13,0.16310339505159882,sly5_n24_e2,reference,060000.tdd
70000,14000.000000015869,24,24,24,23.999980845167922,3.067876034778639,1.268203407127335e-09,-2.921682789456354e-14,8.771784774222275e-10,2.0,1.8265898036822333e-05,7.610796922990016e-07,4.5268181232502564e-08,1.1485055973895063e-09,5.127307929866612e-13,0.16310309988773858,sly5_n24_e2,reference,070000.tdd
80000,16000.000000023145,24,24,24,23.99997812057298,3.067869398970998,-1.1509157831106255e-09,2.623557519233158e-14,-1.1517003667251813e-09,2.0,1.826353287642777e-05,7.609812302608775e-07,4.5106147003082986e-08,1.1487878136485862e-09,1.4117586848701962e-13,0.16310291071685468,sly5_n24_e2,reference,080000.tdd
90000,18000.00000003042,24,24,24,23.99997538029485,3.0678659613548236,1.0217824854041695e-09,-2.7456062437300435e-14,-1.0800579306937694e-09,2.0,1.8245818313874482e-05,7.602432096182561e-07,4.509887524657957e-08,1.146959207319203e-09,3.80244276639793e-13,0.16310283730251446,sly5_n24_e2,reference,090000.tdd
0,0.0,24,24,24,24.0,3.0616941702622125,-1.7637556600410183e-09,-3.2887076715322136e-13,-1.7616736732064517e-09,2.0,1.9375991444074777e-05,8.07332976836449e-07,4.8373529286633195e-08,1.2469792466552645e-09,1.6387542819894748e-14,0.1647269027135172,skms_n24_e2,e2,000000.tdd
10000,2000.0000000003176,24,24,24,23.999998202022525,3.0619631039253052,1.6171363238740233e-09,1.499829550071614e-13,-1.7514006721667643e-09,2.0,1.9082246223539158e-05,7.950936522124849e-07,4.4733104310451115e-08,1.2555203207206536e-09,6.343029301032942e-11,0.16470738027410745,skms_n24_e2,e2,010000.tdd
20000,3999.999999998553,24,24,24,23.999996416341606,3.0618600430269542,-1.2059411937855704e-09,-7.724874999172082e-14,-1.7170424264481247e-09,2.0,1.9957070250419392e-05,8.315447179329834e-07,4.458308112329827e-08,1.4041662489854677e-09,6.168405433354425e-11,0.16470815206508682,skms_n24_e2,e2,020000.tdd
30000,5999.999999996734,24,24,24,23.999994810665854,3.0616908912101493,5.974690183639129e-10,1.2200993972098647e-13,-1.6589850756038038e-09,2.0,2.1528601504041997e-05,8.970252566252413e-07,4.813355966782569e-08,1.5611375222021493e-09,1.1008286114029165e-10,0.16473449119086134,skms_n24_e2,e2,030000.tdd
40000,7999.999999994915,24,24,24,23.99999317135392,3.061604589352818,1.0862539886663427e-10,-2.2782461929142453e-14,-1.5779805260112142e-09,2.0,1.9909272534076448e-05,8.295532582834188e-07,4.6464171992461433e-08,1.4064067690034845e-09,3.092206624221483e-11,0.16472974496288362,skms_n24_e2,e2,040000.tdd
50000,10000.000000001317,24,24,24,23.99999147868144,3.061667168820497,-7.968480188684358e-10,-1.5752355240070914e-13,-1.4751849994964315e-09,2.0,2.0867743148757316e-05,8.694896065814682e-07,5.214219750859471e-08,1.5198143849222785e-09,4.5856544939803533e-11,0.1647295281480904,skms_n24_e2,e2,050000.tdd
60000,12000.000000008593,24,24,24,23.999989849522898,3.0615114384186572,1.3545704735885178e-09,9.622182589212063e-14,-1.3519909191822895e-09,2.0,2.3033648536703905e-05,9.597357616033241e-07,6.220287471939902e-08,1.7437561401020924e-09,3.571590339672511e-11,0.16474592802051102,skms_n24_e2,e2,060000.tdd
70000,14000.000000015869,24,24,24,23.99998804360731,3.0614329874090687,-1.6905896223019417e-09,-1.182286342035613e-13,-1.2100310867186675e-09,2.0,2.018276005550709e-05,8.409487545925263e-07,4.579318449267529e-08,1.3736814089057232e-09,3.688761384972949e-11,0.16474202858496337,skms_n24_e2,e2,070000.tdd
80000,16000.000000023145,24,24,24,23.99998624540666,3.061886970646657,1.7498628878821668e-09,2.3137928342521653e-13,-1.0513815574254724e-09,2.0,1.9219349114859695e-05,8.008066720679089e-07,4.5286649491839347e-08,1.2690343841510191e-09,9.090782004223143e-11,0.1647214157835355,skms_n24_e2,e2,080000.tdd
90000,18000.00000003042,24,24,24,23.99998441781956,3.0619154586831816,-1.5228145306308495e-09,-1.8642253400653994e-13,-8.781765184661968e-10,2.0,1.9911939039894874e-05,8.29664665328308e-07,4.7881223567216035e-08,1.3611106721079763e-09,6.241816922823996e-11,0.16469904126498236,skms_n24_e2,e2,090000.tdd
0,0.0,24,24,24,23.999999999999996,3.0616941702622125,-1.7637558080707551e-09,-3.287729867991676e-13,-1.7616736222788784e-09,2.0,1.9375991444074777e-05,8.073329768364491e-07,4.837352928663196e-08,1.2469792466552645e-09,1.6387542820296745e-14,0.1647269027135172,skms_n24_e2,reference,000000.tdd
10000,2000.0000000003176,24,24,24,23.999998301553816,3.061699322368758,1.619278899726954e-09,1.4978014193129542e-13,-1.749311568601582e-09,2.0,1.9382208526412675e-05,8.07592079086015e-07,4.844869959412497e-08,1.2476258816410902e-09,1.3137371232112658e-13,0.16472789675088884,skms_n24_e2,reference,010000.tdd
20000,3999.999999998553,24,24,24,23.999996568642622,3.0616738169265836,-1.2098638266842545e-09,-7.735076955239503e-14,-1.7128686905724694e-09,2.0,1.939753949636205e-05,8.082309279038004e-07,4.8379058047602336e-08,1.2495232235470304e-09,9.66269452382973e-13,0.16472637255198752,skms_n24_e2,reference,020000.tdd
30000,5999.999999996734,24,24,24,23.999994864170503,3.0617213085864208,6.025145376693559e-10,1.2014108282368802e-13,-1.6527417923494563e-09,2.0,1.940032988098458e-05,8.083472513549265e-07,4.8400349288015705e-08,1.2498669359298836e-09,7.276691756951063e-13,0.16472854268235676,skms_n24_e2,reference,030000.tdd
40000,7999.999999994915,24,24,24,23.999993146481533,3.0616703561242256,1.032781192764169e-10,-1.6035362615812028e-14,-1.5697428866231696e-09,2.0,1.9473783669687853e-05,8.11407884611949e-07,4.8780863164498237e-08,1.2594062484381864e-09,8.460956176751106e-13,0.16472561937470695,skms_n24_e2,reference,040000.tdd
50000,10000.000000001317,24,24,24,23.99999141548653,3.0617004480016443,-7.920593682965428e-10,-1.6923075850898694e-13,-1.465069776576038e-09,2.0,1.944920525189924e-05,8.103838420270937e-07,4.859933322572449e-08,1.2571513529896964e-09,3.702538877207867e-12,0.16472756776135555,skms_n24_e2,reference,050000.tdd
60000,12000.000000008593,24,24,24,23.99998971863179,3.0617111540332544,1.3511123568175426e-09,1.1020193840555101e-13,-1.3401618289934074e-09,2.0,1.9470866288680806e-05,8.11286442908977e-07,4.875425113786995e-08,1.2604102473896739e-09,3.3171279169652955e-12,0.16472803827350896,skms_n24_e2,reference,060000.tdd
70000,14000.000000015869,24,24,24,23.99998798354675,3.0616461474180934,-1.6890456015918325e-09,-1.2939966070794404e-13,-1.196675044506325e-09,2.0,1.95548050728072e-05,8.147839526508532e-07,4.9132869197982366e-08,1.270955658592293e-09,3.511444061421903e-12,0.16472416355870412,skms_n24_e2,reference,070000.tdd
80000,16000.000000023145,24,24,24,23.999986284427226,3.0617482377848635,1.750505778550667e-09,2.4020352825862233e-13,-1.03670561538346e-09,2.0,1.9500457777328448e-05,8.125195383958044e-07,4.8813182644546505e-08,1.2645549924861578e-09,5.847527310693324e-12,0.16473056965526167,skms_n24_e2,reference,080000.tdd
90000,18000.00000003042,24,24,24,23.999984552575548,3.061635037273851,-1.5255308324883104e-09,-1.9611347815754552e-13,-8.623656148472599e-10,2.0,1.962044544089375e-05,8.175190862274197e-07,4.9301767363334064e-08,1.2805634360252052e-09,3.924930889423157e-12,0.16472355636077507,skms_n24_e2,reference,090000.tdd
0,0.0,24,24,24,24.000000000000004,3.067864362867019,-1.674503942912982e-09,3.64729721757361e-14,-1.5144889745568031e-09,2.0,1.8241152799777887e-05,7.600480333240785e-07,4.508758079953261e-08,1.1457780325688593e-09,1.224063989099465e-14,0.1631029279124297,sly5_n24_e0_half,e0,000000.tdd
10000,2000.0000000003176,24,24,24,23.99999727855952,3.067842938014406,1.6655789378612993e-09,-3.196997924672595e-14,-1.3544667463016864e-10,2.0,1.8406099712440066e-05,7.66920908315403e-07,4.546996298482953e-08,1.1687773002058912e-09,1.827285919172909e-12,0.1631041342713216,sly5_n24_e0_half,e0,010000.tdd
20000,3999.999999998553,24,24,24,23.99999452850553,3.0678541464548243,-1.6395228915256997e-09,2.147333817046538e-14,1.4904096180302195e-09,2.0,1.823218338461883e-05,7.596744808822314e-07,4.510831362812775e-08,1.1500510731803171e-09,3.4545934022081506e-12,0.16310378885871446,sly5_n24_e0_half,e0,020000.tdd
30000,5999.999999996734,24,24,24,23.9999917923195,3.0678817633439994,1.596588037855921e-09,-3.7761070351163614e-14,3.9831622411205864e-10,2.0,1.8184362469267262e-05,7.576820286699698e-07,4.479639833216464e-08,1.1413499099143773e-09,2.924540248805493e-12,0.1631014036211541,sly5_n24_e0_half,e0,030000.tdd
40000,7999.999999994915,24,24,24,23.999989066402854,3.0678865139649734,-1.5372540619639064e-09,1.8269465450641547e-14,-1.4199792030950564e-09,2.0,1.8111477978748083e-05,7.546452595723058e-07,4.462602188162274e-08,1.1327348170083409e-09,1.2139959172665755e-12,0.16310172015552055,sly5_n24_e0_half,e0,040000.tdd
50000,10000.000000001317,24,24,24,23.999986333167456,3.067883949159453,1.462102679597779e-09,-3.355723734746704e-14,-6.486158083648824e-10,2.0,1.8196616650847748e-05,7.581927922059031e-07,4.498397671301411e-08,1.1426143171680062e-09,1.8591758510819023e-12,0.16310253015744186,sly5_n24_e0_half,e0,050000.tdd
60000,12000.000000008593,24,24,24,23.999983612703115,3.067841251319184,-1.3718970519651742e-09,1.5440568491494824e-14,1.3055270985517187e-09,2.0,1.819570095041121e-05,7.581547239382398e-07,4.477118270062968e-08,1.142741211253592e-09,1.1570545271710294e-12,0.16310557938889458,sly5_n24_e0_half,e0,060000.tdd
70000,14000.000000015869,24,24,24,23.999980848117023,3.067848227528588,1.2675319435503812e-09,-2.132132368655846e-14,8.78774228802204e-10,2.0,1.840735633318212e-05,7.669737925906018e-07,4.558772488877945e-08,1.1687926265154921e-09,1.5395775060128409e-12,0.1631056731997919,sly5_n24_e0_half,e0,070000.tdd
80000,16000.000000023145,24,24,24,23.99997811209917,3.0678772230300764,-1.1501615713210855e-09,1.3701275248981283e-14,-1.1504315445749628e-09,2.0,1.850504981092015e-05,7.71044445311021e-07,4.6244927024467475e-08,1.1763435795368375e-09,1.5090314776730119e-12,0.16310207944588084,sly5_n24_e0_half,e0,080000.tdd
90000,18000.00000003042,24,24,24,23.999975373575335,3.067892447417224,1.0209527041502037e-09,-1.4476357929508826e-14,-1.0814352597956716e-09,2.0,1.8228781330393372e-05,7.595333347909926e-07,4.526658026834755e-08,1.1438236034194797e-09,1.1585175435865577e-12,0.16310064431197605,sly5_n24_e0_half,e0,090000.tdd
0,0.0,24,24,24,24.000000000000004,3.067864362867019,-1.6745040169278503e-09,3.649202815829479e-14,-1.5144889730407552e-09,2.0,1.8241152799777887e-05,7.600480333240785e-07,4.508758079953263e-08,1.1457780325688593e-09,1.2240639890994646e-14,0.1631029279124297,sly5_n24_e0_half,reference,000000.tdd
10000,2000.0000000003176,24,24,24,23.9999972725823,3.067856039451635,1.6656799685828354e-09,-3.320073972508317e-14,-1.334998560636375e-10,2.0,1.8256377860552983e-05,7.606824973021622e-07,4.516199359336833e-08,1.1475645909985409e-09,1.6716075833995929e-13,0.16310297849183852,sly5_n24_e0_half,reference,010000.tdd
20000,3999.999999998553,24,24,24,23.999994527397533,3.067862513239649,-1.6397285419598787e-09,2.59314610660457e-14,1.4907509154928992e-09,2.0,1.8242763534749457e-05,7.601153206066015e-07,4.511918162107243e-08,1.146714131410558e-09,2.912580644192546e-13,0.1631028427990181,sly5_n24_e0_half,reference,020000.tdd
30000,5999.999999996734,24,24,24,23.999991799127447,3.067863737583039,1.5969005652912493e-09,-4.198088376413334e-14,3.964265567086784e-10,2.0,1.8236349406812158e-05,7.59848151592917e-07,4.498450283294418e-08,1.1459553815623737e-09,7.230197063845584e-13,0.16310303529793735,sly5_n24_e0_half,reference,030000.tdd
40000,7999.999999994915,24,24,24,23.999989072617726,3.067863352439151,-1.5376645852198165e-09,2.831041993232947e-14,-1.4206555026226906e-09,2.0,1.8216090071870457e-05,7.590040985749329e-07,4.494743584899779e-08,1.1426821124291175e-09,5.449482197204216e-13,0.16310353012885295,sly5_n24_e0_half,reference,040000.tdd
50000,10000.000000001317,24,24,24,23.999986333354148,3.067873492046445,1.4626089415739223e-09,-4.134539915338069e-14,-6.468500352444665e-10,2.0,1.8237394432112028e-05,7.598918673868777e-07,4.505565148302981e-08,1.1453749364299352e-09,5.86772249271702e-13,0.16310337870572972,sly5_n24_e0_half,reference,050000.tdd
60000,12000.000000008593,24,24,24,23.99998359958274,3.0678684051217187,-1.3724866185515568e-09,2.4160779780258847e-14,1.3065122478675072e-09,2.0,1.8267643492305156e-05,7.611523323133752e-07,4.529081479125814e-08,1.1491208009119955e-09,3.941376698111367e-13,0.16310339505159882,sly5_n24_e0_half,reference,060000.tdd
70000,14000.000000015869,24,24,24,23.999980845167922,3.067876034778639,1.268203407127335e-09,-2.921682789456354e-14,8.771784774222275e-10,2.0,1.8265898036822333e-05,7.610796922990016e-07,4.5268181232502564e-08,1.1485055973895063e-09,5.127307929866612e-13,0.16310309988773858,sly5_n24_e0_half,reference,070000.tdd
80000,16000.000000023145,24,24,24,23.99997812057298,3.067869398970998,-1.1509157831106255e-09,2.623557519233158e-14,-1.1517003667251813e-09,2.0,1.826353287642777e-05,7.609812302608775e-07,4.5106147003082986e-08,1.1487878136485862e-09,1.4117586848701962e-13,0.16310291071685468,sly5_n24_e0_half,reference,080000.tdd
90000,18000.00000003042,24,24,24,23.99997538029485,3.0678659613548236,1.0217824854041695e-09,-2.7456062437300435e-14,-1.0800579306937694e-09,2.0,1.8245818313874482e-05,7.602432096182561e-07,4.509887524657957e-08,1.146959207319203e-09,3.80244276639793e-13,0.16310283730251446,sly5_n24_e0_half,reference,090000.tdd
0,0.0,24,24,24,23.999999999999996,3.061694170262213,-1.7637558450781894e-09,-3.288118633526921e-13,-1.7616736380545846e-09,2.0,1.9375991444074865e-05,8.073329768364528e-07,4.837352928663003e-08,1.2469792466552656e-09,1.6387542819954827e-14,0.1647269027135172,skms_n24_e0_half,e0,000000.tdd
10000,2000.0000000003176,24,24,24,23.99999828917543,3.06172142378498,1.6197421966633252e-09,1.476217821910958e-13,-1.7495155544464296e-09,2.0,1.926894261162281e-05,8.028726660498788e-07,4.8187261349635494e-08,1.2334563345228273e-09,2.3249243557049215e-12,0.16472578303573648,skms_n24_e0_half,e0,010000.tdd
20000,3999.999999998553,24,24,24,23.99999656140218,3.061685264949167,-1.2107285058721514e-09,-7.216926387771168e-14,-1.7132742084050193e-09,2.0,1.9398817870834832e-05,8.082841937582958e-07,4.8228414301575625e-08,1.2544582386459015e-09,3.834862799220063e-12,0.16472591472787856,skms_n24_e0_half,e0,020000.tdd
30000,5999.999999996734,24,24,24,23.99999485046069,3.0617277879547733,6.036266486559238e-10,1.1636217559508715e-13,-1.6533465713665614e-09,2.0,1.955300298549074e-05,8.147086325360362e-07,4.9129667446802376e-08,1.2695799060643415e-09,2.9478733050588548e-12,0.16472751451227508,skms_n24_e0_half,e0,030000.tdd
40000,7999.999999994915,24,24,24,23.99999314395319,3.0616596562229006,1.0209328893694818e-10,-1.722448201865962e-14,-1.5705419915414285e-09,2.0,1.9405381020457638e-05,8.085577734986493e-07,4.86005378680981e-08,1.2566681600957456e-09,3.0624433086031157e-12,0.1647262640086392,skms_n24_e0_half,e0,040000.tdd
50000,10000.000000001317,24,24,24,23.999991429819694,3.0617013245903855,-7.910043225064643e-10,-1.6443074521328777e-13,-1.4660570816563607e-09,2.0,1.937976645753325e-05,8.074905574113718e-07,4.836621428516704e-08,1.246034274646513e-09,5.360964810796446e-12,0.1647272929223011,skms_n24_e0_half,e0,050000.tdd
60000,12000.000000008593,24,24,24,23.999989720113824,3.0616945269413134,1.3503477088020956e-09,1.0973853212169922e-13,-1.3413085142148099e-09,2.0,1.9633421710913145e-05,8.180595883530249e-07,4.9016655460531755e-08,1.2860105300465604e-09,4.270268407429054e-12,0.1647296099345283,skms_n24_e0_half,e0,060000.tdd
70000,14000.000000015869,24,24,24,23.99998798095152,3.06163519632845,-1.688708426873043e-09,-1.288791180575829e-13,-1.1979695649395395e-09,2.0,1.9617377685931838e-05,8.173911462581522e-07,4.8836534572552906e-08,1.2814048395599145e-09,4.095819789476055e-12,0.16472432901596012,skms_n24_e0_half,e0,070000.tdd
80000,16000.000000023145,24,24,24,23.99998627858148,3.0617622154777457,1.750640893196388e-09,2.4117126627140267e-13,-1.0381320967734406e-09,2.0,1.934970461705035e-05,8.062381533242281e-07,4.8272831792266226e-08,1.2474340914079194e-09,7.699609850062332e-12,0.16472919608935788,skms_n24_e0_half,e0,080000.tdd
90000,18000.00000003042,24,24,24,23.999984542364096,3.061657097517362,-1.526131057098521e-09,-1.9812175851232428e-13,-8.639004869240803e-10,2.0,1.9586261174451646e-05,8.160947412227924e-07,4.907375674381116e-08,1.2802915245434437e-09,5.72062175534742e-12,0.16472155933265648,skms_n24_e0_half,e0,090000.tdd
0,0.0,24,24,24,23.999999999999996,3.0616941702622125,-1.7637558080707551e-09,-3.287729867991676e-13,-1.7616736222788784e-09,2.0,1.9375991444074777e-05,8.073329768364491e-07,4.837352928663196e-08,1.2469792466552645e-09,1.6387542820296745e-14,0.1647269027135172,skms_n24_e0_half,reference,000000.tdd
10000,2000.0000000003176,24,24,24,23.999998301553816,3.061699322368758,1.619278899726954e-09,1.4978014193129542e-13,-1.749311568601582e-09,2.0,1.9382208526412675e-05,8.07592079086015e-07,4.844869959412497e-08,1.2476258816410902e-09,1.3137371232112658e-13,0.16472789675088884,skms_n24_e0_half,reference,010000.tdd
20000,3999.999999998553,24,24,24,23.999996568642622,3.0616738169265836,-1.2098638266842545e-09,-7.735076955239503e-14,-1.7128686905724694e-09,2.0,1.939753949636205e-05,8.082309279038004e-07,4.8379058047602336e-08,1.2495232235470304e-09,9.66269452382973e-13,0.16472637255198752,skms_n24_e0_half,reference,020000.tdd
30000,5999.999999996734,24,24,24,23.999994864170503,3.0617213085864208,6.025145376693559e-10,1.2014108282368802e-13,-1.6527417923494563e-09,2.0,1.940032988098458e-05,8.083472513549265e-07,4.8400349288015705e-08,1.2498669359298836e-09,7.276691756951063e-13,0.16472854268235676,skms_n24_e0_half,reference,030000.tdd
40000,7999.999999994915,24,24,24,23.999993146481533,3.0616703561242256,1.032781192764169e-10,-1.6035362615812028e-14,-1.5697428866231696e-09,2.0,1.9473783669687853e-05,8.11407884611949e-07,4.8780863164498237e-08,1.2594062484381864e-09,8.460956176751106e-13,0.16472561937470695,skms_n24_e0_half,reference,040000.tdd
50000,10000.000000001317,24,24,24,23.99999141548653,3.0617004480016443,-7.920593682965428e-10,-1.6923075850898694e-13,-1.465069776576038e-09,2.0,1.944920525189924e-05,8.103838420270937e-07,4.859933322572449e-08,1.2571513529896964e-09,3.702538877207867e-12,0.16472756776135555,skms_n24_e0_half,reference,050000.tdd
60000,12000.000000008593,24,24,24,23.99998971863179,3.0617111540332544,1.3511123568175426e-09,1.1020193840555101e-13,-1.3401618289934074e-09,2.0,1.9470866288680806e-05,8.11286442908977e-07,4.875425113786995e-08,1.2604102473896739e-09,3.3171279169652955e-12,0.16472803827350896,skms_n24_e0_half,reference,060000.tdd
70000,14000.000000015869,24,24,24,23.99998798354675,3.0616461474180934,-1.6890456015918325e-09,-1.2939966070794404e-13,-1.196675044506325e-09,2.0,1.95548050728072e-05,8.147839526508532e-07,4.9132869197982366e-08,1.270955658592293e-09,3.511444061421903e-12,0.16472416355870412,skms_n24_e0_half,reference,070000.tdd
80000,16000.000000023145,24,24,24,23.999986284427226,3.0617482377848635,1.750505778550667e-09,2.4020352825862233e-13,-1.03670561538346e-09,2.0,1.9500457777328448e-05,8.125195383958044e-07,4.8813182644546505e-08,1.2645549924861578e-09,5.847527310693324e-12,0.16473056965526167,skms_n24_e0_half,reference,080000.tdd
90000,18000.00000003042,24,24,24,23.999984552575548,3.061635037273851,-1.5255308324883104e-09,-1.9611347815754552e-13,-8.623656148472599e-10,2.0,1.962044544089375e-05,8.175190862274197e-07,4.9301767363334064e-08,1.2805634360252052e-09,3.924930889423157e-12,0.16472355636077507,skms_n24_e0_half,reference,090000.tdd
0,0.0,32,32,32,24.00000000000001,3.0678556127903303,2.15361554499399e-13,1.098196142325379e-16,6.396130393499474e-14,2.0,7.100035599082607e-08,2.958348166284418e-09,4.4351808581263494e-10,5.094634776267155e-12,1.6403634054687065e-19,0.1631037302887664,sly5_n32_e0,e0,000000.tdd
10000,2000.0000000003176,32,32,32,23.99999728803823,3.067844196706889,1.9065303204841699e-13,4.126793971255699e-15,-6.501435933253327e-15,2.0,1.2949197476990768e-07,5.395499558429009e-09,4.4860079346906354e-10,1.0615870287587394e-11,1.6782856466421684e-12,0.16310319897390568,sly5_n32_e0,e0,010000.tdd
20000,3999.999999998553,32,32,32,23.999994535631615,3.0678879546477003,-9.350120780912419e-14,7.256328487636769e-15,2.4935918152162066e-14,2.0,1.2044845471853498e-07,5.018686755937009e-09,4.5136111661705547e-10,9.865283085175017e-12,9.29990293661319e-13,0.16310163300757827,sly5_n32_e0,e0,020000.tdd
30000,5999.999999996734,32,32,32,23.999991778451463,3.067922808590134,4.505559525270655e-14,-3.269958076885601e-15,2.0626241139437426e-14,2.0,1.1515924145741397e-07,4.798303371120752e-09,4.4517782685988245e-10,9.08028193373864e-12,1.1399152680497548e-12,0.16309865654750583,sly5_n32_e0,e0,030000.tdd
40000,7999.999999994915,32,32,32,23.999989060517212,3.0679046538352157,-2.6808683830845537e-13,5.926140902375672e-15,-1.7314074323542455e-14,2.0,1.2283698150058857e-07,5.118209895464901e-09,4.453005138330622e-10,9.804141373323193e-12,1.3316512892102355e-12,0.16310069846659547,sly5_n32_e0,e0,040000.tdd
0,0.0,32,32,32,24.00000000000001,3.0678556127903303,2.1528754527797695e-13,5.227153705012044e-17,6.397138710234641e-14,2.0,7.100035599083654e-08,2.9583481662848545e-09,4.435180858126497e-10,5.0946347762673865e-12,1.6403633998080197e-19,0.16310373028876643,sly5_n32_e0,reference,000000.tdd
10000,2000.0000000003176,32,32,32,23.999997272212596,3.067848582731949,1.7916289454279114e-13,1.5038423150389064e-15,-4.8906197679394265e-15,2.0,7.246241994266351e-08,3.0192678407743456e-09,4.443514022403905e-10,5.237718299743993e-12,2.0000114929661743e-14,0.16310369550500495,sly5_n32_e0,reference,010000.tdd
20000,3999.999999998553,32,32,32,23.999994523558666,3.0678561135696585,-8.45836982921092e-14,2.0558940986756367e-15,2.9737116742419897e-14,2.0,7.222277336850701e-08,3.0092829103611803e-09,4.443375677185801e-10,5.250765842233201e-12,7.81261447732801e-14,0.1631032388893684,sly5_n32_e0,reference,020000.tdd
30000,5999.999999996734,32,32,32,23.999991796616165,3.067859109703595,4.176306973637777e-14,1.2840202921792926e-15,1.5834596371430178e-14,2.0,7.557481656705056e-08,3.1489517666296073e-09,4.436730750561148e-10,5.493829597296697e-12,1.171957657455167e-13,0.1631035927878081,sly5_n32_e0,reference,030000.tdd
40000,7999.999999994915,32,32,32,23.999989074987166,3.067855927479759,-2.652971643583416e-13,4.562722790327296e-15,-2.8456023376503816e-15,2.0,7.621589926777244e-08,3.1756639150808945e-09,4.4354774662330325e-10,5.548421726092975e-12,9.888354679424052e-14,0.1631045228929056,sly5_n32_e0,reference,040000.tdd
