edf,channel,propagation_time_fm_c,gamma_mev,full_boost_amplitude,half_boost_amplitude,time_response_symmetric_relative_l2,complex_response_symmetric_relative_l2_9_25,signed_strength_symmetric_relative_l2_9_25
SLy5,e0_diagonal,2000.0,1.0,5e-05,2.5e-05,0.0017583997763411568,9.995540479202442e-05,8.731542314704273e-05
SLy5,e0_diagonal,2000.0,0.5,5e-05,2.5e-05,0.0017583997763411568,9.783889017305436e-05,8.828102241263057e-05
SLy5,e0_diagonal,2000.0,0.2,5e-05,2.5e-05,0.0017583997763411568,0.00010234092154103367,9.622476410504035e-05
SLy5,e0_diagonal,2000.0,0.1,5e-05,2.5e-05,0.0017583997763411568,0.00011033599689556472,0.00010561618467557438
SLy5,e0_diagonal,2000.0,0.07,5e-05,2.5e-05,0.0017583997763411568,0.00011378803830682543,0.00010948169216173439
SLy5,q20_from_e0,2000.0,1.0,5e-05,2.5e-05,0.00011585204034353792,9.242051165922347e-05,9.023927935246927e-05
SLy5,q20_from_e0,2000.0,0.5,5e-05,2.5e-05,0.00011585204034353792,9.02498807471467e-05,8.897738971239748e-05
SLy5,q20_from_e0,2000.0,0.2,5e-05,2.5e-05,0.00011585204034353792,8.561474822423525e-05,8.503646841791183e-05
SLy5,q20_from_e0,2000.0,0.1,5e-05,2.5e-05,0.00011585204034353792,8.323148543156341e-05,8.287538737513304e-05
SLy5,q20_from_e0,2000.0,0.07,5e-05,2.5e-05,0.00011585204034353792,8.249292574069909e-05,8.219571824485549e-05
SLy5,e0_diagonal,4000.0,1.0,5e-05,2.5e-05,0.001849866398660102,9.993775917140284e-05,8.730596221536685e-05
SLy5,e0_diagonal,4000.0,0.5,5e-05,2.5e-05,0.001849866398660102,9.678817202511404e-05,8.732440602860407e-05
SLy5,e0_diagonal,4000.0,0.2,5e-05,2.5e-05,0.001849866398660102,9.056673646482729e-05,8.527991916037376e-05
SLy5,e0_diagonal,4000.0,0.1,5e-05,2.5e-05,0.001849866398660102,9.086095930654121e-05,8.753782732564617e-05
SLy5,e0_diagonal,4000.0,0.07,5e-05,2.5e-05,0.001849866398660102,9.246945421820889e-05,8.971975363355022e-05
SLy5,q20_from_e0,4000.0,1.0,5e-05,2.5e-05,0.0001341358982879739,9.241564278521904e-05,9.023528293777029e-05
SLy5,q20_from_e0,4000.0,0.5,5e-05,2.5e-05,0.0001341358982879739,9.018029890919009e-05,8.890760505226089e-05
SLy5,q20_from_e0,4000.0,0.2,5e-05,2.5e-05,0.0001341358982879739,8.532149163534584e-05,8.476845088600934e-05
SLy5,q20_from_e0,4000.0,0.1,5e-05,2.5e-05,0.0001341358982879739,8.389899398031098e-05,8.357765559376915e-05
SLy5,q20_from_e0,4000.0,0.07,5e-05,2.5e-05,0.0001341358982879739,8.393011996722531e-05,8.366810257764085e-05
SLy5,e0_diagonal,8000.0,1.0,5e-05,2.5e-05,0.0018990205249668462,9.993611021735441e-05,8.730592716241513e-05
SLy5,e0_diagonal,8000.0,0.5,5e-05,2.5e-05,0.0018990205249668462,9.677231325411513e-05,8.731622907530932e-05
SLy5,e0_diagonal,8000.0,0.2,5e-05,2.5e-05,0.0018990205249668462,9.046028452381412e-05,8.527258916556987e-05
SLy5,e0_diagonal,8000.0,0.1,5e-05,2.5e-05,0.0018990205249668462,9.654947649015784e-05,9.353704146703656e-05
SLy5,e0_diagonal,8000.0,0.07,5e-05,2.5e-05,0.0018990205249668462,0.00010500500574345053,0.0001026550193824832
SLy5,q20_from_e0,8000.0,1.0,5e-05,2.5e-05,0.00019165734247978,9.241433939548364e-05,9.023444599486416e-05
SLy5,q20_from_e0,8000.0,0.5,5e-05,2.5e-05,0.00019165734247978,9.016905316133e-05,8.889839885879362e-05
SLy5,q20_from_e0,8000.0,0.2,5e-05,2.5e-05,0.00019165734247978,8.614093381694342e-05,8.558732740873052e-05
SLy5,q20_from_e0,8000.0,0.1,5e-05,2.5e-05,0.00019165734247978,9.376050517477954e-05,9.338395149866893e-05
SLy5,q20_from_e0,8000.0,0.07,5e-05,2.5e-05,0.00019165734247978,0.0001024219240310897,0.00010207963080641758
SLy5,e0_diagonal,12000.0,1.0,5e-05,2.5e-05,0.0019596541383711703,9.993580086465634e-05,8.730591974320956e-05
SLy5,e0_diagonal,12000.0,0.5,5e-05,2.5e-05,0.0019596541383711703,9.676955135130254e-05,8.731496521084609e-05
SLy5,e0_diagonal,12000.0,0.2,5e-05,2.5e-05,0.0019596541383711703,9.058117737191915e-05,8.540063503911197e-05
SLy5,e0_diagonal,12000.0,0.1,5e-05,2.5e-05,0.0019596541383711703,0.00010292902814462856,9.990274801441231e-05
SLy5,e0_diagonal,12000.0,0.07,5e-05,2.5e-05,0.0019596541383711703,0.0001224434973756709,0.00012003998717116838
SLy5,q20_from_e0,12000.0,1.0,5e-05,2.5e-05,0.00028309631527245635,9.24140974271838e-05,9.02342905932303e-05
SLy5,q20_from_e0,12000.0,0.5,5e-05,2.5e-05,0.00028309631527245635,9.016693233640954e-05,8.889657168180065e-05
SLy5,q20_from_e0,12000.0,0.2,5e-05,2.5e-05,0.00028309631527245635,8.629115574765444e-05,8.573812503484272e-05
SLy5,q20_from_e0,12000.0,0.1,5e-05,2.5e-05,0.00028309631527245635,0.00010069176419934026,0.00010027687055270597
SLy5,q20_from_e0,12000.0,0.07,5e-05,2.5e-05,0.00028309631527245635,0.00012074317320353389,0.00012033440170251585
SLy5,e0_diagonal,18000.0,1.0,5e-05,2.5e-05,0.00200558780082982,9.99356639991779e-05,8.730591721367634e-05
SLy5,e0_diagonal,18000.0,0.5,5e-05,2.5e-05,0.00200558780082982,9.67683262081298e-05,8.731440602307516e-05
SLy5,e0_diagonal,18000.0,0.2,5e-05,2.5e-05,0.00200558780082982,9.059709912468016e-05,8.541950243169091e-05
SLy5,e0_diagonal,18000.0,0.1,5e-05,2.5e-05,0.00200558780082982,0.00010572804851864925,0.00010267865690351503
SLy5,e0_diagonal,18000.0,0.07,5e-05,2.5e-05,0.00200558780082982,0.00013573350218058783,0.00013321285947678915
SLy5,q20_from_e0,18000.0,1.0,5e-05,2.5e-05,0.00044435269829755115,9.24139903232254e-05,9.023422280134918e-05
SLy5,q20_from_e0,18000.0,0.5,5e-05,2.5e-05,0.00044435269829755115,9.016599356354601e-05,8.889576137421761e-05
SLy5,q20_from_e0,18000.0,0.2,5e-05,2.5e-05,0.00044435269829755115,8.631116065508608e-05,8.575813499752946e-05
SLy5,q20_from_e0,18000.0,0.1,5e-05,2.5e-05,0.00044435269829755115,0.00010344861702694549,0.00010301216095174384
SLy5,q20_from_e0,18000.0,0.07,5e-05,2.5e-05,0.00044435269829755115,0.00013336578824414607,0.00013289097960146663
SkM*,e0_diagonal,2000.0,1.0,5e-05,2.5e-05,0.0020383460063822982,0.00010077072774535288,8.752322675622256e-05
SkM*,e0_diagonal,2000.0,0.5,5e-05,2.5e-05,0.0020383460063822982,0.00010045506200683172,9.026435932286068e-05
SkM*,e0_diagonal,2000.0,0.2,5e-05,2.5e-05,0.0020383460063822982,0.00011032648209992664,0.00010291819469585024
SkM*,e0_diagonal,2000.0,0.1,5e-05,2.5e-05,0.0020383460063822982,0.00012325016109419236,0.0001169371893523308
SkM*,e0_diagonal,2000.0,0.07,5e-05,2.5e-05,0.0020383460063822982,0.00012875503560284523,0.00012278117357847232
SkM*,q20_from_e0,2000.0,1.0,5e-05,2.5e-05,0.00012005537187399465,9.2892952304213e-05,9.06467696679377e-05
SkM*,q20_from_e0,2000.0,0.5,5e-05,2.5e-05,0.00012005537187399465,9.059055540588995e-05,8.926494957481206e-05
SkM*,q20_from_e0,2000.0,0.2,5e-05,2.5e-05,0.00012005537187399465,8.490506779178431e-05,8.422628827966745e-05
SkM*,q20_from_e0,2000.0,0.1,5e-05,2.5e-05,0.00012005537187399465,8.157326073711835e-05,8.110823695902769e-05
SkM*,q20_from_e0,2000.0,0.07,5e-05,2.5e-05,0.00012005537187399465,8.04624909933279e-05,8.005606895567995e-05
SkM*,e0_diagonal,4000.0,1.0,5e-05,2.5e-05,0.0022816570783553386,0.00010075646820309375,8.751815860517344e-05
SkM*,e0_diagonal,4000.0,0.5,5e-05,2.5e-05,0.0022816570783553386,9.92376977272702e-05,8.914780979332715e-05
SkM*,e0_diagonal,4000.0,0.2,5e-05,2.5e-05,0.0022816570783553386,9.571523047426741e-05,8.926098289162407e-05
SkM*,e0_diagonal,4000.0,0.1,5e-05,2.5e-05,0.0022816570783553386,9.920043466505728e-05,9.465487342114275e-05
SkM*,e0_diagonal,4000.0,0.07,5e-05,2.5e-05,0.0022816570783553386,0.0001029723387499215,9.904145483650986e-05
SkM*,q20_from_e0,4000.0,1.0,5e-05,2.5e-05,0.00014581273445140762,9.288668417850868e-05,9.06427848578808e-05
SkM*,q20_from_e0,4000.0,0.5,5e-05,2.5e-05,0.00014581273445140762,9.043810782825246e-05,8.912757403695854e-05
SkM*,q20_from_e0,4000.0,0.2,5e-05,2.5e-05,0.00014581273445140762,8.316822479804926e-05,8.258622872198926e-05
SkM*,q20_from_e0,4000.0,0.1,5e-05,2.5e-05,0.00014581273445140762,7.87719098027041e-05,7.844799083782045e-05
SkM*,q20_from_e0,4000.0,0.07,5e-05,2.5e-05,0.00014581273445140762,7.757549336571294e-05,7.731738210739045e-05
SkM*,e0_diagonal,8000.0,1.0,5e-05,2.5e-05,0.0028310924394038986,0.00010075580036006144,8.751912661130448e-05
SkM*,e0_diagonal,8000.0,0.5,5e-05,2.5e-05,0.0028310924394038986,9.922458590219454e-05,8.913979413734444e-05
SkM*,e0_diagonal,8000.0,0.2,5e-05,2.5e-05,0.0028310924394038986,9.628835569404693e-05,8.988523764969425e-05
SkM*,e0_diagonal,8000.0,0.1,5e-05,2.5e-05,0.0028310924394038986,0.00011861633288112008,0.00011403213148854273
SkM*,e0_diagonal,8000.0,0.07,5e-05,2.5e-05,0.0028310924394038986,0.00014307089070453365,0.00013893259659258266
SkM*,q20_from_e0,8000.0,1.0,5e-05,2.5e-05,0.0002900399413552625,9.288526486637668e-05,9.064184426789984e-05
SkM*,q20_from_e0,8000.0,0.5,5e-05,2.5e-05,0.0002900399413552625,9.042545887756937e-05,8.911631174495525e-05
SkM*,q20_from_e0,8000.0,0.2,5e-05,2.5e-05,0.0002900399413552625,8.60063839959939e-05,8.5387729806354e-05
SkM*,q20_from_e0,8000.0,0.1,5e-05,2.5e-05,0.0002900399413552625,0.00011060038182244349,0.00010998360371099484
SkM*,q20_from_e0,8000.0,0.07,5e-05,2.5e-05,0.0002900399413552625,0.0001362093151697687,0.00013553005141533835
SkM*,e0_diagonal,12000.0,1.0,5e-05,2.5e-05,0.0031024401388835957,0.00010075567648530685,8.75193106572148e-05
SkM*,e0_diagonal,12000.0,0.5,5e-05,2.5e-05,0.0031024401388835957,9.922290067331874e-05,8.913918608474454e-05
SkM*,e0_diagonal,12000.0,0.2,5e-05,2.5e-05,0.0031024401388835957,9.693567414243258e-05,9.052274516316271e-05
SkM*,e0_diagonal,12000.0,0.1,5e-05,2.5e-05,0.0031024401388835957,0.000153749177083701,0.0001484848205080925
SkM*,e0_diagonal,12000.0,0.07,5e-05,2.5e-05,0.0031024401388835957,0.0002340727278243926,0.00022827355192118584
SkM*,q20_from_e0,12000.0,1.0,5e-05,2.5e-05,0.0006887732520825221,9.288500325547228e-05,9.064167525014508e-05
SkM*,q20_from_e0,12000.0,0.5,5e-05,2.5e-05,0.0006887732520825221,9.042277461954373e-05,8.911387826270751e-05
SkM*,q20_from_e0,12000.0,0.2,5e-05,2.5e-05,0.0006887732520825221,8.681127904070227e-05,8.61757818384175e-05
SkM*,q20_from_e0,12000.0,0.1,5e-05,2.5e-05,0.0006887732520825221,0.0001502771309769014,0.00014930292617466444
SkM*,q20_from_e0,12000.0,0.07,5e-05,2.5e-05,0.0006887732520825221,0.0002359490134308034,0.00023461875639346297
SkM*,e0_diagonal,18000.0,1.0,5e-05,2.5e-05,0.0029650594396261024,0.00010075562104558674,8.751939010819972e-05
SkM*,e0_diagonal,18000.0,0.5,5e-05,2.5e-05,0.0029650594396261024,9.922214450390317e-05,8.913891081674935e-05
SkM*,e0_diagonal,18000.0,0.2,5e-05,2.5e-05,0.0029650594396261024,9.702571057145882e-05,9.061277228809302e-05
SkM*,e0_diagonal,18000.0,0.1,5e-05,2.5e-05,0.0029650594396261024,0.0001709695212417305,0.00016532331081985338
SkM*,e0_diagonal,18000.0,0.07,5e-05,2.5e-05,0.0029650594396261024,0.0003014976564745122,0.0002943727383536087
SkM*,q20_from_e0,18000.0,1.0,5e-05,2.5e-05,0.0012150848364598085,9.288488655914009e-05,9.064159720345261e-05
SkM*,q20_from_e0,18000.0,0.5,5e-05,2.5e-05,0.0012150848364598085,9.042157571401403e-05,8.911279223986698e-05
SkM*,q20_from_e0,18000.0,0.2,5e-05,2.5e-05,0.0012150848364598085,8.692647689951303e-05,8.628850723498317e-05
SkM*,q20_from_e0,18000.0,0.1,5e-05,2.5e-05,0.0012150848364598085,0.00017017634849291748,0.00016902997992188822
SkM*,q20_from_e0,18000.0,0.07,5e-05,2.5e-05,0.0012150848364598085,0.000310860195484727,0.0003090819902703136
