edf,propagation_time_fm_c,gamma_mev,complex_response_symmetric_relative_l2_9_25,signed_strength_symmetric_relative_l2_9_25,signed_strength_correlation_9_25,best_real_reverse_over_forward_scale
SLy5,2000.0,1.0,0.0009228894754936558,0.0008849690884949727,0.999999501946953,0.9998603320914127
SLy5,2000.0,0.5,0.0009513452372381108,0.0009248159497036783,0.9999994892662282,0.9999535656836998
SLy5,2000.0,0.2,0.0010534164374915464,0.0010361239822376917,0.9999994093360114,1.0000931503209811
SLy5,2000.0,0.1,0.0011184986812902047,0.0011047110153022586,0.9999993546720248,1.0001527983279954
SLy5,2000.0,0.07,0.0011414333416942157,0.0011286752724687444,0.9999993342809597,1.000170243244504
SLy5,4000.0,1.0,0.0009229430430137553,0.0008850449380292395,0.9999995018951723,0.999860545402225
SLy5,4000.0,0.5,0.0009502986921624551,0.0009237858222028914,0.9999994907705007,0.9999573167548559
SLy5,4000.0,0.2,0.0010543777937347123,0.0010372608723955914,0.9999994212935978,1.0001451494451365
SLy5,4000.0,0.1,0.0011383065447888425,0.0011250354635652952,0.9999993646201171,1.0002549064802968
SLy5,4000.0,0.07,0.0011716072321347017,0.0011595348431860184,0.9999993396016168,1.0002894848564703
SLy5,8000.0,1.0,0.0009229662864991643,0.0008850739090486632,0.9999995018724984,0.9998606033968589
SLy5,8000.0,0.5,0.0009505046784638396,0.0009240001345239992,0.999999490595308,0.9999577408851428
SLy5,8000.0,0.2,0.0010725299780577737,0.0010555999315069629,0.9999994036321599,1.0001593030134348
SLy5,8000.0,0.1,0.0013001313537765304,0.0012885047431821586,0.9999991880231617,1.0003403127979014
SLy5,8000.0,0.07,0.0014555238720468755,0.0014461685386228144,0.999999011307811,1.000432268030943
SLy5,12000.0,1.0,0.0009229706082544639,0.0008850793028792978,0.9999995018682576,0.9998606141534839
SLy5,12000.0,0.5,0.0009505456413297668,0.000924043631640442,0.9999994905591556,0.999957814637678
SLy5,12000.0,0.2,0.0010748225311542933,0.0010579593993707006,0.9999994011204468,1.0001601996850178
SLy5,12000.0,0.1,0.0013759849374547332,0.0013649032819482553,0.9999990875472263,1.0003554293075465
SLy5,12000.0,0.07,0.0016487964439050166,0.0016403127109499652,0.9999987200763357,1.000470451862497
SLy5,18000.0,1.0,0.0009229725398242889,0.0008850817169100047,0.9999995018663618,0.9998606189203718
SLy5,18000.0,0.5,0.0009505639381076196,0.0009240630423856163,0.999999490543012,0.9999578473967818
SLy5,18000.0,0.2,0.0010752880826385219,0.0010584310153330552,0.9999994006619679,1.0001604960295503
SLy5,18000.0,0.1,0.0013997713006691625,0.0013886035860849574,0.9999990541511908,1.0003573396978218
SLy5,18000.0,0.07,0.0017512534681304703,0.001742340297627057,0.9999985433497816,1.0004734597737697
SkM*,2000.0,1.0,0.0008751779880445918,0.0008420224942573709,0.9999995653765227,0.9998869910644211
SkM*,2000.0,0.5,0.0008792097443253378,0.000857177034458397,0.9999995755346617,0.9999554341289524
SkM*,2000.0,0.2,0.000959522491887377,0.0009443278938479371,0.999999510535169,1.0000021834921606
SkM*,2000.0,0.1,0.001034401284064516,0.0010214133227727901,0.9999994389383312,1.000013644144567
SkM*,2000.0,0.07,0.0010644046252724292,0.0010520626497814273,0.9999994084583881,1.0000164970376757
SkM*,4000.0,1.0,0.0008752040121750028,0.0008420945208042094,0.9999995653626752,0.9998871166963273
SkM*,4000.0,0.5,0.0008760081890450198,0.0008543393253166921,0.9999995789803532,0.9999544070340041
SkM*,4000.0,0.2,0.0009487535427416193,0.0009357196677934528,0.9999995239437498,0.999973849076622
SkM*,4000.0,0.1,0.0010645434864509167,0.001055044281691182,0.9999994125632863,0.9999330577561132
SkM*,4000.0,0.07,0.0011219849904435517,0.0011135938070849392,0.9999993528120718,0.9999090029088823
SkM*,8000.0,1.0,0.000875212451771264,0.0008421086692726755,0.999999565358837,0.9998871597670189
SkM*,8000.0,0.5,0.0008760876745193002,0.0008544297676427303,0.9999995789308096,0.9999544535141682
SkM*,8000.0,0.2,0.000964056364165207,0.0009510130204081539,0.9999995087460554,0.9999645358246074
SkM*,8000.0,0.1,0.0012526729281753925,0.0012425367727291574,0.999999193417498,0.9998608330612094
SkM*,8000.0,0.07,0.0014816280810600762,0.0014721725009757731,0.9999988900138018,0.9997797846339105
SkM*,12000.0,1.0,0.0008752140472505166,0.0008421113601060305,0.9999995653580611,0.9998871677232021
SkM*,12000.0,0.5,0.000876107653621506,0.0008544522003594141,0.9999995789164479,0.9999544633518832
SkM*,12000.0,0.2,0.0009689611519603806,0.0009558549510351921,0.9999995037243783,0.9999637590140682
SkM*,12000.0,0.1,0.0014843706403634448,0.0014726613520085919,0.9999988656015196,0.9998368288217638
SkM*,12000.0,0.07,0.002113195752365708,0.0021002983223616925,0.9999977326462561,0.9997084941961516
SkM*,18000.0,1.0,0.000875214754898193,0.0008421125318109873,0.9999995653577441,0.9998871712662357
SkM*,18000.0,0.5,0.0008761165232157639,0.0008544621701754943,0.9999995789100778,0.9999544677382811
SkM*,18000.0,0.2,0.00096979100553863,0.0009566762469023083,0.9999995028827791,0.9999635909867887
SkM*,18000.0,0.1,0.001593771971343366,0.001581232412945926,0.9999986901807296,0.9998338276084076
SkM*,18000.0,0.07,0.002566983154594575,0.0025515417411981016,0.9999966363100725,0.9996985103163043
