family,role,propagation_time_fm_c,energy_initial_mev,energy_final_drift_mev,energy_max_abs_drift_mev,energy_peak_to_peak_mev,neutron_number_final_drift_protocol,neutron_number_max_abs_drift_protocol,proton_number_final_drift_protocol,proton_number_max_abs_drift_protocol,protocol_particle_number_print_precision,q00_initial_fm2,q00_final_change_fm2,q00_max_abs_change_fm2,q00_peak_to_peak_fm2,q20_initial_fm2,q20_final_change_fm2,q20_max_abs_change_fm2,q20_peak_to_peak_fm2,density_snapshot_count,density_particle_number_initial,density_particle_number_max_abs_drift,rms_radius_initial_fm,rms_radius_max_abs_change_fm,boundary_shell_particles_initial,boundary_shell_particles_max,boundary_shell_particles_max_abs_change,outermost_max_density_max_fm3
sly5_n24_e0,e0,2000.0,-179.8535612,9.159999999042157e-05,9.159999999042157e-05,0.00013069999999970605,0.0,0.0,0.0,0.0,0.001,63.72041840733594,-0.0014385553655458239,0.00670529364469985,0.009679067908635375,81.68796619986918,-0.011064061486862897,0.019571631737647976,0.0355589131416707,2,24.000000000000004,2.7154879020940825e-06,3.067864362867019,3.445677008873105e-05,1.8241152799778002e-05,1.859039268620519e-05,3.4923988642718924e-07,4.579085263940577e-08
sly5_n24_e0,e0,4000.0,-179.8535612,0.0001867000000004282,0.00019729999999640313,0.00023640000000568762,0.0,0.0,0.0,0.0,0.001,63.72041840733594,-0.0007839265435904963,0.00670529364469985,0.009711619593240073,81.68796619986918,-0.005812357576701288,0.019571631737647976,0.0355589131416707,3,24.000000000000004,5.470399429441386e-06,3.067864362867019,3.445677008873105e-05,1.8241152799778002e-05,1.859039268620519e-05,3.4923988642718924e-07,4.579085263940577e-08
sly5_n24_e0,e0,8000.0,-179.8535612,0.00040110000000481705,0.0004031999999938307,0.0004423000000031152,0.0,0.0,0.0,0.0,0.001,63.72041840733594,0.0018559004482767705,0.00670529364469985,0.010382308323784173,81.68796619986918,0.014488632326987272,0.019571631737647976,0.03699807924124343,5,24.000000000000004,1.0939842493229435e-05,3.067864362867019,4.5375708691342e-05,1.8241152799778002e-05,1.859039268620519e-05,3.4923988642718924e-07,4.579085263940577e-08
sly5_n24_e0,e0,12000.0,-179.8535612,0.0006147999999939202,0.000618000000002894,0.0006571000000121785,0.0,0.0,0.0,0.0,0.001,63.72041840733594,-0.00212858942575167,0.00670529364469985,0.010382308323784173,81.68796619986918,-0.00916682381944156,0.019571631737647976,0.03699807924124343,7,24.000000000000004,1.6374211767811175e-05,3.067864362867019,5.019512365800338e-05,1.8241152799778002e-05,1.859039268620519e-05,3.4923988642718924e-07,4.579085263940577e-08
sly5_n24_e0,e0,18000.0,-179.8535612,0.0009234000000049036,0.0009306000000037784,0.0009697000000130629,0.0,0.0,0.0,0.0,0.001,63.72041840733594,0.0022035400081534817,0.00670529364469985,0.010382308323784173,81.68796619986918,0.012043745062470634,0.019571631737647976,0.03699807924124343,9,24.000000000000004,2.1896401595000725e-05,3.067864362867019,5.019512365800338e-05,1.8241152799778002e-05,1.87795435921413e-05,5.383907923632969e-07,4.739938814263788e-08
sly5_n24_e0,reference,2000.0,-179.8535649,8.780000001706867e-05,8.809999999925822e-05,0.00010649999998690873,0.0,0.0,0.0,0.0,0.001,63.72041840733594,-0.0003530002588973957,0.0006301177189484974,0.0011714319429358966,81.68796619986918,-0.0013442787482347285,0.0036290495421553715,0.005551518412943324,2,24.000000000000004,2.7274177050173876e-06,3.067864362867019,8.323415383593158e-06,1.8241152799777887e-05,1.8256377860552983e-05,1.5225060775096277e-08,4.516199359336833e-08
sly5_n24_e0,reference,4000.0,-179.8535649,0.0001924000000030901,0.0001924000000030901,0.00021079999999074062,0.0,0.0,0.0,0.0,0.001,63.72041840733594,-9.136439080492664e-05,0.0006301177189484974,0.0011714319429358966,81.68796619986918,0.00030267846639731033,0.0036290495421553715,0.005567089323790242,3,24.000000000000004,5.472602470746324e-06,3.067864362867019,8.323415383593158e-06,1.8241152799777887e-05,1.8256377860552983e-05,1.5225060775096277e-08,4.516199359336833e-08
sly5_n24_e0,reference,8000.0,-179.8535649,0.00040309999999976753,0.00040309999999976753,0.00042149999998741805,0.0,0.0,0.0,0.0,0.001,63.72041840733594,-7.098611484934736e-05,0.0007038718520959719,0.0013144143618717408,81.68796619986918,0.00033828074943187403,0.0036290495421553715,0.0062366845315295905,5,24.000000000000004,1.0927382277259312e-05,3.067864362867019,8.323415383593158e-06,1.8241152799777887e-05,1.8256377860552983e-05,2.5062727907429764e-08,4.516199359336833e-08
sly5_n24_e0,reference,12000.0,-179.8535649,0.0006120000000180426,0.0006120000000180426,0.0006304000000056931,0.0,0.0,0.0,0.0,0.001,63.72041840733594,0.0001243741695020617,0.0007038718520959719,0.001320928008041733,81.68796619986918,0.001031800297312202,0.0036290495421553715,0.0062366845315295905,7,24.000000000000004,1.640041726247432e-05,3.067864362867019,9.129179426192735e-06,1.8241152799777887e-05,1.8267643492305156e-05,2.649069252726974e-08,4.529081479125814e-08
sly5_n24_e0,reference,18000.0,-179.8535649,0.0009266000000138774,0.0009266000000138774,0.000945000000001528,0.0,0.0,0.0,0.0,0.001,63.72041840733594,1.0362986131440266e-06,0.0007038718520959719,0.001320928008041733,81.68796619986918,0.0002636962650797159,0.0036290495421553715,0.006330272206668042,9,24.000000000000004,2.187942702391865e-05,3.067864362867019,1.1671911620325659e-05,1.8241152799777887e-05,1.8267643492305156e-05,2.649069252726974e-08,4.529081479125814e-08
skms_n24_e0,e0,2000.0,-180.3715478,5.210000000488435e-05,5.569999999011088e-05,9.389999999598331e-05,0.0,0.0,0.0,0.0,0.001,63.464362837510706,0.0020445481375546137,0.006774673950829424,0.01013494664243808,79.53318072284245,0.01190911568224351,0.019829191987341233,0.03824874809085088,2,23.999999999999996,1.723225310001908e-06,3.0616941702622125,4.942681368946822e-05,1.9375991444074777e-05,1.9375991444074777e-05,1.846979799558594e-07,4.837352928663195e-08
skms_n24_e0,e0,4000.0,-180.3715478,0.00011520000001041808,0.00011910000000625587,0.0001573000000121283,0.0,0.0,0.0,0.0,0.001,63.464362837510706,9.903642045117067e-05,0.006774673950829424,0.01013494664243808,79.53318072284245,0.004937212072761099,0.019829191987341233,0.03824874809085088,3,23.999999999999996,3.4458657758307254e-06,3.0616941702622125,4.942681368946822e-05,1.9375991444074777e-05,1.943309384973983e-05,1.846979799558594e-07,4.837352928663195e-08
skms_n24_e0,e0,8000.0,-180.3715478,0.00023219999999923857,0.00023920000000998698,0.0002774000000158594,0.0,0.0,0.0,0.0,0.001,63.464362837510706,-0.0018887885104845736,0.006774673950829424,0.01013494664243808,79.53318072284245,-0.0055411957834934356,0.019829191987341233,0.03824874809085088,5,23.999999999999996,6.8585978034718664e-06,3.0616941702622125,4.942681368946822e-05,1.9375991444074777e-05,1.9743035610741888e-05,3.670441666671108e-07,4.986823153785132e-08
skms_n24_e0,e0,12000.0,-180.3715478,0.00034490000001596854,0.0003612000000146054,0.0003994000000204778,0.0,0.0,0.0,0.0,0.001,63.464362837510706,-0.000699990180116572,0.006774673950829424,0.010794307809831594,79.53318072284245,-0.0052061238237968155,0.019829191987341233,0.03824874809085088,7,23.999999999999996,1.0278424209531067e-05,3.0616941702622125,4.942681368946822e-05,1.9375991444074777e-05,1.983510784709798e-05,4.591164030232035e-07,4.986823153785132e-08
skms_n24_e0,e0,18000.0,-180.3715478,0.0005376999999953114,0.0005439999999907741,0.0005821999999966465,0.0,0.0,0.0,0.0,0.001,63.464362837510706,-0.0006623900018425388,0.006774673950829424,0.012259342176065502,79.53318072284245,0.0033787320270732835,0.027755456458436356,0.05402870233349688,9,23.999999999999996,1.3727287822007384e-05,3.0616941702622125,8.215195821437149e-05,1.9375991444074777e-05,1.983510784709798e-05,4.591164030232035e-07,4.986823153785132e-08
skms_n24_e0,reference,2000.0,-180.3715515,4.850000001965782e-05,5.2800000020170046e-05,6.240000001866974e-05,0.0,0.0,0.0,0.0,0.001,63.464362837510706,0.0002090998817081413,0.001033209507390609,0.0018933812778740844,79.53318072284245,0.0010532849193936045,0.004103730164771946,0.00793610401736089,2,23.999999999999996,1.6984461801428097e-06,3.0616941702622125,5.152106545391888e-06,1.9375991444074777e-05,1.9382208526412675e-05,6.217082337897498e-09,4.844869959412497e-08
skms_n24_e0,reference,4000.0,-180.3715515,0.0001170000000172422,0.0001170000000172422,0.0001266000000157419,0.0,0.0,0.0,0.0,0.001,63.464362837510706,-0.0008528594830181646,0.0015109918178097814,0.002951925522900467,79.53318072284245,-0.0026912022344163233,0.006710338357066803,0.011942481239501035,3,23.999999999999996,3.4313573742394965e-06,3.0616941702622125,2.0353335628886526e-05,1.9375991444074777e-05,1.939753949636205e-05,2.1548052287273718e-08,4.844869959412497e-08
skms_n24_e0,reference,8000.0,-180.3715515,0.00023430000001667395,0.00023640000000568762,0.0002460000000041873,0.0,0.0,0.0,0.0,0.001,63.464362837510706,-0.0010053822348297103,0.0015855645745972424,0.003163684454932536,79.53318072284245,-0.002711739307628136,0.006710338357066803,0.012542273367358803,5,23.999999999999996,6.85351846385629e-06,3.0616941702622125,2.7138324208308973e-05,1.9375991444074777e-05,1.9473783669687853e-05,9.779222561307588e-08,4.8780863164498237e-08
skms_n24_e0,reference,12000.0,-180.3715515,0.000345300000020643,0.0003613000000086686,0.0003709000000071683,0.0,0.0,0.0,0.0,0.001,63.464362837510706,0.0006769107185604639,0.0024335552650356362,0.004677349582358659,79.53318072284245,0.0030912507909874876,0.009569126599672018,0.01843209947914204,7,23.999999999999996,1.0281368204800856e-05,3.0616941702622125,2.7138324208308973e-05,1.9375991444074777e-05,1.9473783669687853e-05,9.779222561307588e-08,4.8780863164498237e-08
skms_n24_e0,reference,18000.0,-180.3715515,0.0005380000000059226,0.0005451000000107342,0.0005547000000092339,0.0,0.0,0.0,0.0,0.001,63.464362837510706,-0.002492300780581047,0.003118062885477002,0.006182603849111956,79.53318072284245,-0.008244192699464747,0.01230575351405605,0.024056456213628508,9,23.999999999999996,1.3715572769967821e-05,3.0616941702622125,5.4067522651024547e-05,1.9375991444074777e-05,1.95548050728072e-05,1.7881362873242238e-07,4.9132869197982366e-08
sly5_n24_e2,e2,2000.0,-179.8535064,0.00010069999999018364,0.00012149999997745908,0.00019459999998616695,0.0,0.0,0.0,0.0,0.001,63.720418407335956,-0.00998092315403909,0.01891361548636894,0.035103536743434915,81.68796619986918,-0.05929999981810852,0.13487022009766747,0.21961974111036398,2,24.000000000000007,2.5446906377624146e-06,3.067864362867019,0.00024011606395468732,1.824115279977765e-05,2.0291897205572884e-05,2.050744405795234e-06,4.719816555955186e-08
sly5_n24_e2,e2,4000.0,-179.8535064,0.0001667999999881431,0.00022289999998292842,0.0002959999999916363,0.0,0.0,0.0,0.0,0.001,63.720418407335956,-0.006137903808593137,0.01891361548636894,0.035103536743434915,81.68796619986918,-0.031019787622710737,0.13487022009766747,0.22369955684885667,3,24.000000000000007,5.372140453374641e-06,3.067864362867019,0.00024011606395468732,1.824115279977765e-05,2.0291897205572884e-05,2.050744405795234e-06,4.719816555955186e-08
sly5_n24_e2,e2,8000.0,-179.8535064,0.00041249999998171916,0.00043489999998769235,0.0005079999999964002,0.0,0.0,0.0,0.0,0.001,63.720418407335956,0.01414462530281213,0.01891361548636894,0.03542042194341377,81.68796619986918,0.08191235755293746,0.13487022009766747,0.23149626813622604,5,24.000000000000007,1.110964202410969e-05,3.067864362867019,0.00034119271196608736,1.824115279977765e-05,2.0291897205572884e-05,2.050744405795234e-06,4.719816555955186e-08
sly5_n24_e2,e2,12000.0,-179.8535064,0.0006329999999934444,0.0006418999999766584,0.0007149999999853662,0.0,0.0,0.0,0.0,0.001,63.720418407335956,-0.01002257627516201,0.01891361548636894,0.03557311599719526,81.68796619986918,-0.06319703146701272,0.13487022009766747,0.23149626813622604,7,24.000000000000007,1.6202964765454908e-05,3.067864362867019,0.00034119271196608736,1.824115279977765e-05,2.0291897205572884e-05,2.050744405795234e-06,4.719816555955186e-08
sly5_n24_e2,e2,18000.0,-179.8535064,0.0009201999999959298,0.0009619999999870288,0.0010350999999957367,0.0,0.0,0.0,0.0,0.001,63.720418407335956,0.011842333439957997,0.01891361548636894,0.03557311599719526,81.68796619986918,0.07244083414690294,0.13487022009766747,0.23149626813622604,9,24.000000000000007,2.202200520073916e-05,3.067864362867019,0.00034119271196608736,1.824115279977765e-05,2.0291897205572884e-05,2.050744405795234e-06,4.8567179308309916e-08
sly5_n24_e2,reference,2000.0,-179.8535649,8.780000001706867e-05,8.809999999925822e-05,0.00010649999998690873,0.0,0.0,0.0,0.0,0.001,63.72041840733594,-0.0003530002588973957,0.0006301177189484974,0.0011714319429358966,81.68796619986918,-0.0013442787482347285,0.0036290495421553715,0.005551518412943324,2,24.000000000000004,2.7274177050173876e-06,3.067864362867019,8.323415383593158e-06,1.8241152799777887e-05,1.8256377860552983e-05,1.5225060775096277e-08,4.516199359336833e-08
sly5_n24_e2,reference,4000.0,-179.8535649,0.0001924000000030901,0.0001924000000030901,0.00021079999999074062,0.0,0.0,0.0,0.0,0.001,63.72041840733594,-9.136439080492664e-05,0.0006301177189484974,0.0011714319429358966,81.68796619986918,0.00030267846639731033,0.0036290495421553715,0.005567089323790242,3,24.000000000000004,5.472602470746324e-06,3.067864362867019,8.323415383593158e-06,1.8241152799777887e-05,1.8256377860552983e-05,1.5225060775096277e-08,4.516199359336833e-08
sly5_n24_e2,reference,8000.0,-179.8535649,0.00040309999999976753,0.00040309999999976753,0.00042149999998741805,0.0,0.0,0.0,0.0,0.001,63.72041840733594,-7.098611484934736e-05,0.0007038718520959719,0.0013144143618717408,81.68796619986918,0.00033828074943187403,0.0036290495421553715,0.0062366845315295905,5,24.000000000000004,1.0927382277259312e-05,3.067864362867019,8.323415383593158e-06,1.8241152799777887e-05,1.8256377860552983e-05,2.5062727907429764e-08,4.516199359336833e-08
sly5_n24_e2,reference,12000.0,-179.8535649,0.0006120000000180426,0.0006120000000180426,0.0006304000000056931,0.0,0.0,0.0,0.0,0.001,63.72041840733594,0.0001243741695020617,0.0007038718520959719,0.001320928008041733,81.68796619986918,0.001031800297312202,0.0036290495421553715,0.0062366845315295905,7,24.000000000000004,1.640041726247432e-05,3.067864362867019,9.129179426192735e-06,1.8241152799777887e-05,1.8267643492305156e-05,2.649069252726974e-08,4.529081479125814e-08
sly5_n24_e2,reference,18000.0,-179.8535649,0.0009266000000138774,0.0009266000000138774,0.000945000000001528,0.0,0.0,0.0,0.0,0.001,63.72041840733594,1.0362986131440266e-06,0.0007038718520959719,0.001320928008041733,81.68796619986918,0.0002636962650797159,0.0036290495421553715,0.006330272206668042,9,24.000000000000004,2.187942702391865e-05,3.067864362867019,1.1671911620325659e-05,1.8241152799777887e-05,1.8267643492305156e-05,2.649069252726974e-08,4.529081479125814e-08
skms_n24_e2,e2,2000.0,-180.3714934,4.799999999249849e-05,6.369999999833453e-05,0.00010910000000308173,0.0,0.0,0.0,0.0,0.001,63.46436283751072,0.011144923408636487,0.01917568399164793,0.03616371591589029,79.53318072284246,0.06391054987388145,0.13803856204874876,0.24265013496302856,2,24.0,1.797977475348489e-06,3.0616941702622125,0.0002689336630927741,1.9375991444074777e-05,1.9375991444074777e-05,2.9374522053561913e-07,4.8373529286633195e-08
skms_n24_e2,e2,4000.0,-180.3714934,0.00010960000000181935,0.00013409999999680622,0.00017950000000155342,0.0,0.0,0.0,0.0,0.001,63.46436283751072,0.006867299833231755,0.01917568399164793,0.03616371591589029,79.53318072284246,0.05836326859396479,0.13803856204874876,0.24265013496302856,3,24.0,3.583658394035183e-06,3.0616941702622125,0.0002689336630927741,1.9375991444074777e-05,1.9957070250419392e-05,5.810788063446152e-07,4.8373529286633195e-08
skms_n24_e2,e2,8000.0,-180.3714934,0.0002357999999844651,0.00024369999999862557,0.00028910000000337277,0.0,0.0,0.0,0.0,0.001,63.46436283751072,-0.003731759755041253,0.01917568399164793,0.03616371591589029,79.53318072284246,-0.011609809865305465,0.13803856204874876,0.24265013496302856,5,24.0,6.8286460788158365e-06,3.0616941702622125,0.0002689336630927741,1.9375991444074777e-05,2.1528601504041997e-05,2.15261005996722e-06,4.8373529286633195e-08
skms_n24_e2,e2,12000.0,-180.3714934,0.0003553999999894586,0.0003753000000017437,0.0004207000000064909,0.0,0.0,0.0,0.0,0.001,63.46436283751072,-0.007602130371779481,0.01917568399164793,0.03616371591589029,79.53318072284246,-0.06038522236453048,0.13803856204874876,0.24265013496302856,7,24.0,1.0150477102399691e-05,3.0616941702622125,0.0002689336630927741,1.9375991444074777e-05,2.3033648536703905e-05,3.6576570926291273e-06,6.220287471939902e-08
skms_n24_e2,e2,18000.0,-180.3714934,0.0005416999999852123,0.0005589999999813244,0.0006043999999860716,0.0,0.0,0.0,0.0,0.001,63.46436283751072,0.00913308002031954,0.019363651734295217,0.03853933572594315,79.53318072284246,0.06583281279252162,0.13803856204874876,0.24265013496302856,9,24.0,1.3754593339854182e-05,3.0616941702622125,0.0002689336630927741,1.9375991444074777e-05,2.3033648536703905e-05,3.6576570926291273e-06,6.220287471939902e-08
skms_n24_e2,reference,2000.0,-180.3715515,4.850000001965782e-05,5.2800000020170046e-05,6.240000001866974e-05,0.0,0.0,0.0,0.0,0.001,63.464362837510706,0.0002090998817081413,0.001033209507390609,0.0018933812778740844,79.53318072284245,0.0010532849193936045,0.004103730164771946,0.00793610401736089,2,23.999999999999996,1.6984461801428097e-06,3.0616941702622125,5.152106545391888e-06,1.9375991444074777e-05,1.9382208526412675e-05,6.217082337897498e-09,4.844869959412497e-08
skms_n24_e2,reference,4000.0,-180.3715515,0.0001170000000172422,0.0001170000000172422,0.0001266000000157419,0.0,0.0,0.0,0.0,0.001,63.464362837510706,-0.0008528594830181646,0.0015109918178097814,0.002951925522900467,79.53318072284245,-0.0026912022344163233,0.006710338357066803,0.011942481239501035,3,23.999999999999996,3.4313573742394965e-06,3.0616941702622125,2.0353335628886526e-05,1.9375991444074777e-05,1.939753949636205e-05,2.1548052287273718e-08,4.844869959412497e-08
skms_n24_e2,reference,8000.0,-180.3715515,0.00023430000001667395,0.00023640000000568762,0.0002460000000041873,0.0,0.0,0.0,0.0,0.001,63.464362837510706,-0.0010053822348297103,0.0015855645745972424,0.003163684454932536,79.53318072284245,-0.002711739307628136,0.006710338357066803,0.012542273367358803,5,23.999999999999996,6.85351846385629e-06,3.0616941702622125,2.7138324208308973e-05,1.9375991444074777e-05,1.9473783669687853e-05,9.779222561307588e-08,4.8780863164498237e-08
skms_n24_e2,reference,12000.0,-180.3715515,0.000345300000020643,0.0003613000000086686,0.0003709000000071683,0.0,0.0,0.0,0.0,0.001,63.464362837510706,0.0006769107185604639,0.0024335552650356362,0.004677349582358659,79.53318072284245,0.0030912507909874876,0.009569126599672018,0.01843209947914204,7,23.999999999999996,1.0281368204800856e-05,3.0616941702622125,2.7138324208308973e-05,1.9375991444074777e-05,1.9473783669687853e-05,9.779222561307588e-08,4.8780863164498237e-08
skms_n24_e2,reference,18000.0,-180.3715515,0.0005380000000059226,0.0005451000000107342,0.0005547000000092339,0.0,0.0,0.0,0.0,0.001,63.464362837510706,-0.002492300780581047,0.003118062885477002,0.006182603849111956,79.53318072284245,-0.008244192699464747,0.01230575351405605,0.024056456213628508,9,23.999999999999996,1.3715572769967821e-05,3.0616941702622125,5.4067522651024547e-05,1.9375991444074777e-05,1.95548050728072e-05,1.7881362873242238e-07,4.9132869197982366e-08
sly5_n24_e0_half,e0,2000.0,-179.853564,8.970000001795597e-05,8.970000001795597e-05,0.00011770000000410619,0.0,0.0,0.0,0.0,0.001,63.72041840733594,-0.0008972228705346197,0.003391346424280073,0.0049452642838332395,81.68796619986918,-0.006204118450668261,0.01018602577563854,0.018903466362615973,2,24.000000000000004,2.721440484521054e-06,3.067864362867019,2.1424852612916823e-05,1.8241152799777887e-05,1.8406099712440066e-05,1.6494691266217968e-07,4.546996298482953e-08
sly5_n24_e0_half,e0,4000.0,-179.853564,0.00018959999999879074,0.00019349999999462852,0.00022149999998077874,0.0,0.0,0.0,0.0,0.001,63.72041840733594,-0.0004389217032354509,0.003391346424280073,0.0049452642838332395,81.68796619986918,-0.002754346865884827,0.01018602577563854,0.018903466362615973,3,24.000000000000004,5.471494475273175e-06,3.067864362867019,2.1424852612916823e-05,1.8241152799777887e-05,1.8406099712440066e-05,1.6494691266217968e-07,4.546996298482953e-08
sly5_n24_e0_half,e0,8000.0,-179.853564,0.0004021000000022923,0.0004021000000022923,0.0004300999999884425,0.0,0.0,0.0,0.0,0.001,63.72041840733594,0.0008911432655764884,0.003391346424280073,0.005437104302544071,81.68796619986918,0.007413872242850061,0.01018602577563854,0.019640861187795622,5,24.000000000000004,1.0933597149431762e-05,3.067864362867019,2.2151097954559162e-05,1.8241152799777887e-05,1.8406099712440066e-05,1.6494691266217968e-07,4.546996298482953e-08
sly5_n24_e0_half,e0,12000.0,-179.853564,0.0006133999999917705,0.0006147999999939202,0.0006427999999800704,0.0,0.0,0.0,0.0,0.001,63.72041840733594,-0.0010035711760423283,0.003391346424280073,0.005437104302544071,81.68796619986918,-0.004067128430492062,0.01018602577563854,0.019696963138656542,7,24.000000000000004,1.638729688835383e-05,3.067864362867019,2.3111547834631097e-05,1.8241152799777887e-05,1.8406099712440066e-05,1.6494691266217968e-07,4.546996298482953e-08
sly5_n24_e0_half,e0,18000.0,-179.853564,0.0009249999999951797,0.0009265000000198143,0.0009545000000059645,0.0,0.0,0.0,0.0,0.001,63.72041840733594,0.0011012688025289208,0.003391346424280073,0.005437104302544071,81.68796619986918,0.006153586573162784,0.01018602577563854,0.019696963138656542,9,24.000000000000004,2.1887900832240348e-05,3.067864362867019,2.3111547834631097e-05,1.8241152799777887e-05,1.850504981092015e-05,2.6389701114226213e-07,4.6244927024467475e-08
sly5_n24_e0_half,reference,2000.0,-179.8535649,8.780000001706867e-05,8.809999999925822e-05,0.00010649999998690873,0.0,0.0,0.0,0.0,0.001,63.72041840733594,-0.0003530002588973957,0.0006301177189484974,0.0011714319429358966,81.68796619986918,-0.0013442787482347285,0.0036290495421553715,0.005551518412943324,2,24.000000000000004,2.7274177050173876e-06,3.067864362867019,8.323415383593158e-06,1.8241152799777887e-05,1.8256377860552983e-05,1.5225060775096277e-08,4.516199359336833e-08
sly5_n24_e0_half,reference,4000.0,-179.8535649,0.0001924000000030901,0.0001924000000030901,0.00021079999999074062,0.0,0.0,0.0,0.0,0.001,63.72041840733594,-9.136439080492664e-05,0.0006301177189484974,0.0011714319429358966,81.68796619986918,0.00030267846639731033,0.0036290495421553715,0.005567089323790242,3,24.000000000000004,5.472602470746324e-06,3.067864362867019,8.323415383593158e-06,1.8241152799777887e-05,1.8256377860552983e-05,1.5225060775096277e-08,4.516199359336833e-08
sly5_n24_e0_half,reference,8000.0,-179.8535649,0.00040309999999976753,0.00040309999999976753,0.00042149999998741805,0.0,0.0,0.0,0.0,0.001,63.72041840733594,-7.098611484934736e-05,0.0007038718520959719,0.0013144143618717408,81.68796619986918,0.00033828074943187403,0.0036290495421553715,0.0062366845315295905,5,24.000000000000004,1.0927382277259312e-05,3.067864362867019,8.323415383593158e-06,1.8241152799777887e-05,1.8256377860552983e-05,2.5062727907429764e-08,4.516199359336833e-08
sly5_n24_e0_half,reference,12000.0,-179.8535649,0.0006120000000180426,0.0006120000000180426,0.0006304000000056931,0.0,0.0,0.0,0.0,0.001,63.72041840733594,0.0001243741695020617,0.0007038718520959719,0.001320928008041733,81.68796619986918,0.001031800297312202,0.0036290495421553715,0.0062366845315295905,7,24.000000000000004,1.640041726247432e-05,3.067864362867019,9.129179426192735e-06,1.8241152799777887e-05,1.8267643492305156e-05,2.649069252726974e-08,4.529081479125814e-08
sly5_n24_e0_half,reference,18000.0,-179.8535649,0.0009266000000138774,0.0009266000000138774,0.000945000000001528,0.0,0.0,0.0,0.0,0.001,63.72041840733594,1.0362986131440266e-06,0.0007038718520959719,0.001320928008041733,81.68796619986918,0.0002636962650797159,0.0036290495421553715,0.006330272206668042,9,24.000000000000004,2.187942702391865e-05,3.067864362867019,1.1671911620325659e-05,1.8241152799777887e-05,1.8267643492305156e-05,2.649069252726974e-08,4.529081479125814e-08
skms_n24_e0_half,e0,2000.0,-180.3715506,5.029999999806023e-05,5.419999999389802e-05,7.809999999608408e-05,0.0,0.0,0.0,0.0,0.001,63.464362837510734,0.001125330852794093,0.0034187091981721096,0.005502417406688664,79.53318072284246,0.006481956107165843,0.010304674209280051,0.020563016309750992,2,23.999999999999996,1.7108245664587685e-06,3.061694170262213,2.7253522767001215e-05,1.9375991444074865e-05,1.9375991444074865e-05,1.070488324520565e-07,4.837352928663003e-08
skms_n24_e0_half,e0,4000.0,-180.3715506,0.00011610000001383014,0.00011610000001383014,0.0001400000000160162,0.0,0.0,0.0,0.0,0.001,63.464362837510734,-0.00037828002852791087,0.0034187091981721096,0.005710721939941266,79.53318072284246,0.0011236970785972744,0.011947588982948787,0.022407633851571518,3,23.999999999999996,3.438597815375033e-06,3.061694170262213,2.7253522767001215e-05,1.9375991444074865e-05,1.9398817870834832e-05,1.070488324520565e-07,4.837352928663003e-08
skms_n24_e0_half,e0,8000.0,-180.3715506,0.0002333000000191987,0.00023760000001971093,0.000261500000021897,0.0,0.0,0.0,0.0,0.001,63.464362837510734,-0.0014489706247786671,0.0034187091981721096,0.005710721939941266,79.53318072284246,-0.004127456013179653,0.012402663737518083,0.022862708606140814,5,23.999999999999996,6.856046805836513e-06,3.061694170262213,3.451403931231667e-05,1.9375991444074865e-05,1.955300298549074e-05,1.770115414158758e-07,4.9129667446802376e-08
skms_n24_e0_half,e0,12000.0,-180.3715506,0.0003451000000040949,0.0003612000000146054,0.00038510000001679145,0.0,0.0,0.0,0.0,0.001,63.464362837510734,-1.239675246722527e-05,0.0034187091981721096,0.006499550311616531,79.53318072284246,-0.0010538651714426805,0.013685118035525079,0.02608778177304316,7,23.999999999999996,1.0279886172526176e-05,3.061694170262213,3.451403931231667e-05,1.9375991444074865e-05,1.9633421710913145e-05,2.5743026683827945e-07,4.9129667446802376e-08
skms_n24_e0_half,e0,18000.0,-180.3715506,0.0005379000000118594,0.0005445000000179334,0.0005684000000201195,0.0,0.0,0.0,0.0,0.001,63.464362837510734,-0.001577790716595473,0.004435304372009341,0.008530371513437274,79.53318072284246,-0.0024279115936707285,0.019484309646273346,0.038095466139509426,9,23.999999999999996,1.3721418515189043e-05,3.061694170262213,6.804521553283038e-05,1.9375991444074865e-05,1.9633421710913145e-05,2.5743026683827945e-07,4.9129667446802376e-08
skms_n24_e0_half,reference,2000.0,-180.3715515,4.850000001965782e-05,5.2800000020170046e-05,6.240000001866974e-05,0.0,0.0,0.0,0.0,0.001,63.464362837510706,0.0002090998817081413,0.001033209507390609,0.0018933812778740844,79.53318072284245,0.0010532849193936045,0.004103730164771946,0.00793610401736089,2,23.999999999999996,1.6984461801428097e-06,3.0616941702622125,5.152106545391888e-06,1.9375991444074777e-05,1.9382208526412675e-05,6.217082337897498e-09,4.844869959412497e-08
skms_n24_e0_half,reference,4000.0,-180.3715515,0.0001170000000172422,0.0001170000000172422,0.0001266000000157419,0.0,0.0,0.0,0.0,0.001,63.464362837510706,-0.0008528594830181646,0.0015109918178097814,0.002951925522900467,79.53318072284245,-0.0026912022344163233,0.006710338357066803,0.011942481239501035,3,23.999999999999996,3.4313573742394965e-06,3.0616941702622125,2.0353335628886526e-05,1.9375991444074777e-05,1.939753949636205e-05,2.1548052287273718e-08,4.844869959412497e-08
skms_n24_e0_half,reference,8000.0,-180.3715515,0.00023430000001667395,0.00023640000000568762,0.0002460000000041873,0.0,0.0,0.0,0.0,0.001,63.464362837510706,-0.0010053822348297103,0.0015855645745972424,0.003163684454932536,79.53318072284245,-0.002711739307628136,0.006710338357066803,0.012542273367358803,5,23.999999999999996,6.85351846385629e-06,3.0616941702622125,2.7138324208308973e-05,1.9375991444074777e-05,1.9473783669687853e-05,9.779222561307588e-08,4.8780863164498237e-08
skms_n24_e0_half,reference,12000.0,-180.3715515,0.000345300000020643,0.0003613000000086686,0.0003709000000071683,0.0,0.0,0.0,0.0,0.001,63.464362837510706,0.0006769107185604639,0.0024335552650356362,0.004677349582358659,79.53318072284245,0.0030912507909874876,0.009569126599672018,0.01843209947914204,7,23.999999999999996,1.0281368204800856e-05,3.0616941702622125,2.7138324208308973e-05,1.9375991444074777e-05,1.9473783669687853e-05,9.779222561307588e-08,4.8780863164498237e-08
skms_n24_e0_half,reference,18000.0,-180.3715515,0.0005380000000059226,0.0005451000000107342,0.0005547000000092339,0.0,0.0,0.0,0.0,0.001,63.464362837510706,-0.002492300780581047,0.003118062885477002,0.006182603849111956,79.53318072284245,-0.008244192699464747,0.01230575351405605,0.024056456213628508,9,23.999999999999996,1.3715572769967821e-05,3.0616941702622125,5.4067522651024547e-05,1.9375991444074777e-05,1.95548050728072e-05,1.7881362873242238e-07,4.9132869197982366e-08
sly5_n32_e0,e0,2000.0,-179.8534788,9.239999999977044e-05,9.299999999257125e-05,0.00013189999998530766,0.0,0.0,0.0,0.0,0.001,63.72005492467325,-0.0004814285970056176,0.006709076422680482,0.009787229460769709,81.68632672221597,-0.004712398247590954,0.019631921178131506,0.035733964039650346,2,24.00000000000001,2.711961780477168e-06,3.0678556127903303,1.1416083441240232e-05,7.100035599082607e-08,1.2949197476990768e-07,5.8491618779081604e-08,4.4860079346906354e-10
sly5_n32_e0,e0,4000.0,-179.8534788,0.00019439999999804058,0.00019439999999804058,0.000233299999990777,0.0,0.0,0.0,0.0,0.001,63.72005492467325,0.0013289942505849694,0.006709076422680482,0.009787229460769709,81.68632672221597,0.0049681653238735635,0.019631921178131506,0.035733964039650346,3,24.00000000000001,5.4643683959909595e-06,3.0678556127903303,3.2341857369999616e-05,7.100035599082607e-08,1.2949197476990768e-07,5.8491618779081604e-08,4.5136111661705547e-10
sly5_n32_e0,e0,8000.0,-179.8534788,0.0004064999999968677,0.0004064999999968677,0.0004453999999896041,0.0,0.0,0.0,0.0,0.001,63.72005492467325,0.0020081581911739477,0.006709076422680482,0.0099070504642782,81.68632672221597,0.01204449276785624,0.019631921178131506,0.035733964039650346,5,24.00000000000001,1.0939482798733025e-05,3.0678556127903303,6.719579980396517e-05,7.100035599082607e-08,1.2949197476990768e-07,5.8491618779081604e-08,4.5136111661705547e-10
sly5_n32_e0,reference,2000.0,-179.8534825,8.720000002426787e-05,8.76000000005206e-05,0.00010599999998817111,0.0,0.0,0.0,0.0,0.001,63.720054924673256,-0.0002992737188307615,0.00062317754164809,0.001190033833694315,81.68632672221597,-0.0014628427655907217,0.0030133970822419087,0.005302098720619597,2,24.00000000000001,2.7277874146136583e-06,3.0678556127903303,7.030058381207738e-06,7.100035599083654e-08,7.246241994266351e-08,1.4620639518269705e-09,4.443514022403905e-10
sly5_n32_e0,reference,4000.0,-179.8534825,0.0001917000000162261,0.0001917000000162261,0.00021010000000387663,0.0,0.0,0.0,0.0,0.001,63.720054924673256,6.262634194342809e-06,0.00062317754164809,0.001190033833694315,81.68632672221597,0.0003187662496912935,0.0030133970822419087,0.005302098720619597,3,24.00000000000001,5.476441344853811e-06,3.0678556127903303,7.030058381207738e-06,7.100035599083654e-08,7.246241994266351e-08,1.4620639518269705e-09,4.443514022403905e-10
sly5_n32_e0,reference,8000.0,-179.8534825,0.00040420000001972767,0.00040420000001972767,0.0004226000000073782,0.0,0.0,0.0,0.0,0.001,63.720054924673256,-1.593359826301821e-05,0.00062317754164809,0.0012223095786438876,81.68632672221597,0.0005686146785706114,0.0030133970822419087,0.00575767779972125,5,24.00000000000001,1.0925012844609228e-05,3.0678556127903303,7.030058381207738e-06,7.100035599083654e-08,7.621589926777244e-08,5.215543276935895e-09,4.443514022403905e-10
