family,channel,gamma_mev,propagation_time_fm_c,reference_time_fm_c,complex_response_symmetric_relative_l2_9_25,signed_strength_symmetric_relative_l2_9_25
skms_n24_e0,e0_diagonal,1.0,2000.0,18000.0,0.0033959316230337015,0.0030966819637153593
skms_n24_e0,e0_diagonal,1.0,4000.0,18000.0,0.0003185411235143481,0.00029049930789106713
skms_n24_e0,e0_diagonal,1.0,8000.0,18000.0,6.995705757176716e-05,6.380264989882212e-05
skms_n24_e0,e0_diagonal,1.0,12000.0,18000.0,2.4887182521485204e-05,2.2696161860242783e-05
skms_n24_e0,e0_diagonal,1.0,18000.0,18000.0,0.0,0.0
skms_n24_e0,e0_diagonal,0.5,2000.0,18000.0,0.04920835703423543,0.04589723242174172
skms_n24_e0,e0_diagonal,0.5,4000.0,18000.0,0.004527758406319669,0.0042223696793093615
skms_n24_e0,e0_diagonal,0.5,8000.0,18000.0,0.0003596406976844362,0.00033536249427119165
skms_n24_e0,e0_diagonal,0.5,12000.0,18000.0,0.00012783227757102997,0.00011934629460728898
skms_n24_e0,e0_diagonal,0.5,18000.0,18000.0,0.0,0.0
skms_n24_e0,e0_diagonal,0.2,2000.0,18000.0,0.27951827538146834,0.26700717888189807
skms_n24_e0,e0_diagonal,0.2,4000.0,18000.0,0.09215647245479255,0.08815388359130653
skms_n24_e0,e0_diagonal,0.2,8000.0,18000.0,0.009986175362944322,0.009559960984108553
skms_n24_e0,e0_diagonal,0.2,12000.0,18000.0,0.0018164656534974627,0.0017357119276105572
skms_n24_e0,e0_diagonal,0.2,18000.0,18000.0,0.0,0.0
skms_n24_e0,e0_diagonal,0.1,2000.0,18000.0,0.5235374463409346,0.5064749157420958
skms_n24_e0,e0_diagonal,0.1,4000.0,18000.0,0.2607198410344991,0.2530417918347458
skms_n24_e0,e0_diagonal,0.1,8000.0,18000.0,0.0883066506223254,0.08581359720015125
skms_n24_e0,e0_diagonal,0.1,12000.0,18000.0,0.04109843367634122,0.03992266669308341
skms_n24_e0,e0_diagonal,0.1,18000.0,18000.0,0.0,0.0
skms_n24_e0,e0_diagonal,0.07,2000.0,18000.0,0.6465345404549109,0.6283670013206824
skms_n24_e0,e0_diagonal,0.07,4000.0,18000.0,0.3718338434343304,0.36278791044501424
skms_n24_e0,e0_diagonal,0.07,8000.0,18000.0,0.1800515288395146,0.17593879073411006
skms_n24_e0,e0_diagonal,0.07,12000.0,18000.0,0.10749338635489811,0.10503816035730565
skms_n24_e0,e0_diagonal,0.07,18000.0,18000.0,0.0,0.0
skms_n24_e0,q20_from_e0,1.0,2000.0,18000.0,0.004282746531484748,0.004140666347045162
skms_n24_e0,q20_from_e0,1.0,4000.0,18000.0,0.00038544257699354073,0.0003726811611891471
skms_n24_e0,q20_from_e0,1.0,8000.0,18000.0,8.465531440402668e-05,8.185622269656347e-05
skms_n24_e0,q20_from_e0,1.0,12000.0,18000.0,3.0124446232319987e-05,2.912572210689174e-05
skms_n24_e0,q20_from_e0,1.0,18000.0,18000.0,0.0,0.0
skms_n24_e0,q20_from_e0,0.5,2000.0,18000.0,0.05761004560139758,0.05633557992535856
skms_n24_e0,q20_from_e0,0.5,4000.0,18000.0,0.004779740870083573,0.004674161521556933
skms_n24_e0,q20_from_e0,0.5,8000.0,18000.0,0.0004037117277310527,0.00039467873102134245
skms_n24_e0,q20_from_e0,0.5,12000.0,18000.0,0.000143567967112948,0.00014049198886181835
skms_n24_e0,q20_from_e0,0.5,18000.0,18000.0,0.0,0.0
skms_n24_e0,q20_from_e0,0.2,2000.0,18000.0,0.30077000138678867,0.29686503274186843
skms_n24_e0,q20_from_e0,0.2,4000.0,18000.0,0.09187358829004345,0.0907275071268674
skms_n24_e0,q20_from_e0,0.2,8000.0,18000.0,0.009347916035069934,0.009237291801892311
skms_n24_e0,q20_from_e0,0.2,12000.0,18000.0,0.0018960869664938632,0.0018690801700193562
skms_n24_e0,q20_from_e0,0.2,18000.0,18000.0,0.0,0.0
skms_n24_e0,q20_from_e0,0.1,2000.0,18000.0,0.5401661493849794,0.5352472349772703
skms_n24_e0,q20_from_e0,0.1,4000.0,18000.0,0.2534932634508967,0.2514633706180319
skms_n24_e0,q20_from_e0,0.1,8000.0,18000.0,0.08317455981619098,0.08255073073229043
skms_n24_e0,q20_from_e0,0.1,12000.0,18000.0,0.041789915519802434,0.04145240859161707
skms_n24_e0,q20_from_e0,0.1,18000.0,18000.0,0.0,0.0
skms_n24_e0,q20_from_e0,0.07,2000.0,18000.0,0.6573069784416535,0.652107454902216
skms_n24_e0,q20_from_e0,0.07,4000.0,18000.0,0.3591715034412336,0.3568207096142056
skms_n24_e0,q20_from_e0,0.07,8000.0,18000.0,0.1718725007730579,0.1708310052583263
skms_n24_e0,q20_from_e0,0.07,12000.0,18000.0,0.10876641450957096,0.10807970895936463
skms_n24_e0,q20_from_e0,0.07,18000.0,18000.0,0.0,0.0
skms_n24_e0_half,e0_diagonal,1.0,2000.0,18000.0,0.00339586786201664,0.003096560522082619
skms_n24_e0_half,e0_diagonal,1.0,4000.0,18000.0,0.00031854445812316297,0.0002904965259321365
skms_n24_e0_half,e0_diagonal,1.0,8000.0,18000.0,6.995779111246313e-05,6.380203893323643e-05
skms_n24_e0_half,e0_diagonal,1.0,12000.0,18000.0,2.4887443293712638e-05,2.2695944551158827e-05
skms_n24_e0_half,e0_diagonal,1.0,18000.0,18000.0,0.0,0.0
skms_n24_e0_half,e0_diagonal,0.5,2000.0,18000.0,0.049207729826761276,0.04589592766011086
skms_n24_e0_half,e0_diagonal,0.5,4000.0,18000.0,0.0045280589819262015,0.004222584961909921
skms_n24_e0_half,e0_diagonal,0.5,8000.0,18000.0,0.0003596483548304266,0.0003353644319103868
skms_n24_e0_half,e0_diagonal,0.5,12000.0,18000.0,0.00012783470932101166,0.00011934666006283544
skms_n24_e0_half,e0_diagonal,0.5,18000.0,18000.0,0.0,0.0
skms_n24_e0_half,e0_diagonal,0.2,2000.0,18000.0,0.27952395976017225,0.26700986980044883
skms_n24_e0_half,e0_diagonal,0.2,4000.0,18000.0,0.09216843075997123,0.08816447127919334
skms_n24_e0_half,e0_diagonal,0.2,8000.0,18000.0,0.009991649199669106,0.009565108165951781
skms_n24_e0_half,e0_diagonal,0.2,12000.0,18000.0,0.0018167334567377614,0.001735948507495338
skms_n24_e0_half,e0_diagonal,0.2,18000.0,18000.0,0.0,0.0
skms_n24_e0_half,e0_diagonal,0.1,2000.0,18000.0,0.5235669053117163,0.5065000682133185
skms_n24_e0_half,e0_diagonal,0.1,4000.0,18000.0,0.26076438839931876,0.25308350917694444
skms_n24_e0_half,e0_diagonal,0.1,8000.0,18000.0,0.08833941778555417,0.08584494052053016
skms_n24_e0_half,e0_diagonal,0.1,12000.0,18000.0,0.041102620159614495,0.039926479232425524
skms_n24_e0_half,e0_diagonal,0.1,18000.0,18000.0,0.0,0.0
skms_n24_e0_half,e0_diagonal,0.07,2000.0,18000.0,0.6465820410386667,0.628410114157901
skms_n24_e0_half,e0_diagonal,0.07,4000.0,18000.0,0.37190022344262463,0.36285102140568426
skms_n24_e0_half,e0_diagonal,0.07,8000.0,18000.0,0.18010167169149505,0.17598704968547266
skms_n24_e0_half,e0_diagonal,0.07,12000.0,18000.0,0.10750108360379788,0.10504522166979849
skms_n24_e0_half,e0_diagonal,0.07,18000.0,18000.0,0.0,0.0
skms_n24_e0_half,q20_from_e0,1.0,2000.0,18000.0,0.004282682423845736,0.004140590006784006
skms_n24_e0_half,q20_from_e0,1.0,4000.0,18000.0,0.00038544353905213286,0.00037268078524248916
skms_n24_e0_half,q20_from_e0,1.0,8000.0,18000.0,8.46554786043238e-05,8.185609462057292e-05
skms_n24_e0_half,q20_from_e0,1.0,12000.0,18000.0,3.012450495480881e-05,2.9125677111388392e-05
skms_n24_e0_half,q20_from_e0,1.0,18000.0,18000.0,0.0,0.0
skms_n24_e0_half,q20_from_e0,0.5,2000.0,18000.0,0.057609577240678944,0.056334980045479835
skms_n24_e0_half,q20_from_e0,0.5,4000.0,18000.0,0.0047802829354678675,0.004674679706273898
skms_n24_e0_half,q20_from_e0,0.5,8000.0,18000.0,0.00040371825477468774,0.00039468408414467855
skms_n24_e0_half,q20_from_e0,0.5,12000.0,18000.0,0.00014357004036455185,0.00014049354606717937
skms_n24_e0_half,q20_from_e0,0.5,18000.0,18000.0,0.0,0.0
skms_n24_e0_half,q20_from_e0,0.2,2000.0,18000.0,0.30077668482139225,0.2968712086898939
skms_n24_e0_half,q20_from_e0,0.2,4000.0,18000.0,0.09188894621530105,0.09074254626780658
skms_n24_e0_half,q20_from_e0,0.2,8000.0,18000.0,0.009353516689003949,0.009242810002589523
skms_n24_e0_half,q20_from_e0,0.2,12000.0,18000.0,0.0018964379601862022,0.0018694186348081317
skms_n24_e0_half,q20_from_e0,0.2,18000.0,18000.0,0.0,0.0
skms_n24_e0_half,q20_from_e0,0.1,2000.0,18000.0,0.5401973666598342,0.5352779348801886
skms_n24_e0_half,q20_from_e0,0.1,4000.0,18000.0,0.253546557867492,0.2515160432177711
skms_n24_e0_half,q20_from_e0,0.1,8000.0,18000.0,0.08321028194777466,0.08258609946383207
skms_n24_e0_half,q20_from_e0,0.1,12000.0,18000.0,0.041795336702447214,0.04145771507505186
skms_n24_e0_half,q20_from_e0,0.1,18000.0,18000.0,0.0,0.0
skms_n24_e0_half,q20_from_e0,0.07,2000.0,18000.0,0.6573578460043505,0.6521580571716618
skms_n24_e0_half,q20_from_e0,0.07,4000.0,18000.0,0.35925079532847165,0.35689928335461363
skms_n24_e0_half,q20_from_e0,0.07,8000.0,18000.0,0.17192859374087105,0.170886633885183
skms_n24_e0_half,q20_from_e0,0.07,12000.0,18000.0,0.10877649052231123,0.10808960106186083
skms_n24_e0_half,q20_from_e0,0.07,18000.0,18000.0,0.0,0.0
skms_n24_e2,e2k0_diagonal,1.0,2000.0,18000.0,0.004441687738008083,0.004069739530006437
skms_n24_e2,e2k0_diagonal,1.0,4000.0,18000.0,0.0004164181659231727,0.00038152785542636396
skms_n24_e2,e2k0_diagonal,1.0,8000.0,18000.0,9.147195677012589e-05,8.381119857290141e-05
skms_n24_e2,e2k0_diagonal,1.0,12000.0,18000.0,3.256075144421747e-05,2.9831234669906306e-05
skms_n24_e2,e2k0_diagonal,1.0,18000.0,18000.0,0.0,0.0
skms_n24_e2,e2k0_diagonal,0.5,2000.0,18000.0,0.060580041977142784,0.05702625784695185
skms_n24_e2,e2k0_diagonal,0.5,4000.0,18000.0,0.004610976394409647,0.004340531186671795
skms_n24_e2,e2k0_diagonal,0.5,8000.0,18000.0,0.00043032218032127036,0.00040501698461999644
skms_n24_e2,e2k0_diagonal,0.5,12000.0,18000.0,0.00015308928698367193,0.0001443611507740531
skms_n24_e2,e2k0_diagonal,0.5,18000.0,18000.0,0.0,0.0
skms_n24_e2,e2k0_diagonal,0.2,2000.0,18000.0,0.3116339936511914,0.30095014771946704
skms_n24_e2,e2k0_diagonal,0.2,4000.0,18000.0,0.08934813261227965,0.08641082298004246
skms_n24_e2,e2k0_diagonal,0.2,8000.0,18000.0,0.009344154698930301,0.009045604223526205
skms_n24_e2,e2k0_diagonal,0.2,12000.0,18000.0,0.0019747296816636354,0.001909433990700635
skms_n24_e2,e2k0_diagonal,0.2,18000.0,18000.0,0.0,0.0
skms_n24_e2,e2k0_diagonal,0.1,2000.0,18000.0,0.5518973777957843,0.5389122159386548
skms_n24_e2,e2k0_diagonal,0.1,4000.0,18000.0,0.2504765336828825,0.24526331904589566
skms_n24_e2,e2k0_diagonal,0.1,8000.0,18000.0,0.08273270042385084,0.08109018062649673
skms_n24_e2,e2k0_diagonal,0.1,12000.0,18000.0,0.0422902875837904,0.041427373987591234
skms_n24_e2,e2k0_diagonal,0.1,18000.0,18000.0,0.0,0.0
skms_n24_e2,e2k0_diagonal,0.07,2000.0,18000.0,0.6684293910423765,0.6550345067971657
skms_n24_e2,e2k0_diagonal,0.07,4000.0,18000.0,0.35662110081436504,0.35059337965426113
skms_n24_e2,e2k0_diagonal,0.07,8000.0,18000.0,0.1707513004185634,0.16804398663962147
skms_n24_e2,e2k0_diagonal,0.07,12000.0,18000.0,0.10917199160587476,0.10742231387883854
skms_n24_e2,e2k0_diagonal,0.07,18000.0,18000.0,0.0,0.0
skms_n24_e2,q00_from_e2k0,1.0,2000.0,18000.0,0.0042828756117970265,0.004141039828697973
skms_n24_e2,q00_from_e2k0,1.0,4000.0,18000.0,0.0003855215492979152,0.0003727794038174209
skms_n24_e2,q00_from_e2k0,1.0,8000.0,18000.0,8.46725818900986e-05,8.187772756913258e-05
skms_n24_e2,q00_from_e2k0,1.0,12000.0,18000.0,3.0130589843326723e-05,2.9133371970231113e-05
skms_n24_e2,q00_from_e2k0,1.0,18000.0,18000.0,0.0,0.0
skms_n24_e2,q00_from_e2k0,0.5,2000.0,18000.0,0.05760393908443645,0.056332103675994956
skms_n24_e2,q00_from_e2k0,0.5,4000.0,18000.0,0.004778489253869212,0.004673144038847019
skms_n24_e2,q00_from_e2k0,0.5,8000.0,18000.0,0.0004036607403181392,0.0003946461561616145
skms_n24_e2,q00_from_e2k0,0.5,12000.0,18000.0,0.0001435521343440217,0.00014048506454765743
skms_n24_e2,q00_from_e2k0,0.5,18000.0,18000.0,0.0,0.0
skms_n24_e2,q00_from_e2k0,0.2,2000.0,18000.0,0.3006716003025488,0.2967760429911593
skms_n24_e2,q00_from_e2k0,0.2,4000.0,18000.0,0.09179044525613536,0.09064774501167419
skms_n24_e2,q00_from_e2k0,0.2,8000.0,18000.0,0.009299410770834494,0.009189616347472647
skms_n24_e2,q00_from_e2k0,0.2,12000.0,18000.0,0.0018932622702690675,0.0018664080005755508
skms_n24_e2,q00_from_e2k0,0.2,18000.0,18000.0,0.0,0.0
skms_n24_e2,q00_from_e2k0,0.1,2000.0,18000.0,0.5398637966680299,0.5349558721310591
skms_n24_e2,q00_from_e2k0,0.1,4000.0,18000.0,0.2531438383451514,0.2511206668366875
skms_n24_e2,q00_from_e2k0,0.1,8000.0,18000.0,0.08288524288693393,0.08226497400359213
skms_n24_e2,q00_from_e2k0,0.1,12000.0,18000.0,0.04175238730375652,0.04141611550563649
skms_n24_e2,q00_from_e2k0,0.1,18000.0,18000.0,0.0,0.0
skms_n24_e2,q00_from_e2k0,0.07,2000.0,18000.0,0.656854697309818,0.6516645630052733
skms_n24_e2,q00_from_e2k0,0.07,4000.0,18000.0,0.3586301688418478,0.3562872416446683
skms_n24_e2,q00_from_e2k0,0.07,8000.0,18000.0,0.17143224434091564,0.1703955860600509
skms_n24_e2,q00_from_e2k0,0.07,12000.0,18000.0,0.10870441503886859,0.10801981176806047
skms_n24_e2,q00_from_e2k0,0.07,18000.0,18000.0,0.0,0.0
sly5_n24_e0,e0_diagonal,1.0,2000.0,18000.0,0.003882988732022846,0.0035472280865016304
sly5_n24_e0,e0_diagonal,1.0,4000.0,18000.0,0.0004004028301869894,0.00036590341196855557
sly5_n24_e0,e0_diagonal,1.0,8000.0,18000.0,8.796421312354031e-05,8.03856100342289e-05
sly5_n24_e0,e0_diagonal,1.0,12000.0,18000.0,3.130417935894029e-05,2.860702913496728e-05
sly5_n24_e0,e0_diagonal,1.0,18000.0,18000.0,0.0,0.0
sly5_n24_e0,e0_diagonal,0.5,2000.0,18000.0,0.05909002910640984,0.05521917071999084
sly5_n24_e0,e0_diagonal,0.5,4000.0,18000.0,0.005619034979847694,0.005250351533753063
sly5_n24_e0,e0_diagonal,0.5,8000.0,18000.0,0.0004679358487193839,0.0004376671001194536
sly5_n24_e0,e0_diagonal,0.5,12000.0,18000.0,0.00016626354270763303,0.0001543049998661063
sly5_n24_e0,e0_diagonal,0.5,18000.0,18000.0,0.0,0.0
sly5_n24_e0,e0_diagonal,0.2,2000.0,18000.0,0.3407295375248396,0.3274368438056759
sly5_n24_e0,e0_diagonal,0.2,4000.0,18000.0,0.12612493164926697,0.12144186981952504
sly5_n24_e0,e0_diagonal,0.2,8000.0,18000.0,0.01554413417027781,0.014971685415635587
sly5_n24_e0,e0_diagonal,0.2,12000.0,18000.0,0.0022803559746361578,0.0021851427771450676
sly5_n24_e0,e0_diagonal,0.2,18000.0,18000.0,0.0,0.0
sly5_n24_e0,e0_diagonal,0.1,2000.0,18000.0,0.6368554807457836,0.6207979781270679
sly5_n24_e0,e0_diagonal,0.1,4000.0,18000.0,0.36465338273138104,0.35662658704444195
sly5_n24_e0,e0_diagonal,0.1,8000.0,18000.0,0.12056141672901835,0.11806020043244951
sly5_n24_e0,e0_diagonal,0.1,12000.0,18000.0,0.04228399083538435,0.041447716296500466
sly5_n24_e0,e0_diagonal,0.1,18000.0,18000.0,0.0,0.0
sly5_n24_e0,e0_diagonal,0.07,2000.0,18000.0,0.7845545969549655,0.768597567307755
sly5_n24_e0,e0_diagonal,0.07,4000.0,18000.0,0.5094822954139838,0.500815548918397
sly5_n24_e0,e0_diagonal,0.07,8000.0,18000.0,0.22376459773620072,0.22033429462693127
sly5_n24_e0,e0_diagonal,0.07,12000.0,18000.0,0.1030237184278163,0.10153809620267319
sly5_n24_e0,e0_diagonal,0.07,18000.0,18000.0,0.0,0.0
sly5_n24_e0,q20_from_e0,1.0,2000.0,18000.0,0.004356671268057484,0.004211020611870669
sly5_n24_e0,q20_from_e0,1.0,4000.0,18000.0,0.00043275987520044213,0.0004183671496791631
sly5_n24_e0,q20_from_e0,1.0,8000.0,18000.0,9.505611486301198e-05,9.189403219832468e-05
sly5_n24_e0,q20_from_e0,1.0,12000.0,18000.0,3.3829556683983284e-05,3.2704128965548226e-05
sly5_n24_e0,q20_from_e0,1.0,18000.0,18000.0,0.0,0.0
sly5_n24_e0,q20_from_e0,0.5,2000.0,18000.0,0.0625797232739189,0.061197035102109
sly5_n24_e0,q20_from_e0,0.5,4000.0,18000.0,0.005818138229346859,0.005688666139116252
sly5_n24_e0,q20_from_e0,0.5,8000.0,18000.0,0.00048507424412966684,0.00047479881942353203
sly5_n24_e0,q20_from_e0,0.5,12000.0,18000.0,0.00017233361698221208,0.00016720895345160309
sly5_n24_e0,q20_from_e0,0.5,18000.0,18000.0,0.0,0.0
sly5_n24_e0,q20_from_e0,0.2,2000.0,18000.0,0.3469051449537942,0.34280974578126994
sly5_n24_e0,q20_from_e0,0.2,4000.0,18000.0,0.12795486182431226,0.1265127395932562
sly5_n24_e0,q20_from_e0,0.2,8000.0,18000.0,0.016290643443055065,0.01610665382798373
sly5_n24_e0,q20_from_e0,0.2,12000.0,18000.0,0.002330331586114134,0.002291051350790731
sly5_n24_e0,q20_from_e0,0.2,18000.0,18000.0,0.0,0.0
sly5_n24_e0,q20_from_e0,0.1,2000.0,18000.0,0.6443530969633574,0.6396516141261853
sly5_n24_e0,q20_from_e0,0.1,4000.0,18000.0,0.3693750669904125,0.3670142888212202
sly5_n24_e0,q20_from_e0,0.1,8000.0,18000.0,0.1249492845588912,0.12418178456685076
sly5_n24_e0,q20_from_e0,0.1,12000.0,18000.0,0.04314517183529266,0.042919632338014345
sly5_n24_e0,q20_from_e0,0.1,18000.0,18000.0,0.0,0.0
sly5_n24_e0,q20_from_e0,0.07,2000.0,18000.0,0.7934872082556932,0.7889080904773977
sly5_n24_e0,q20_from_e0,0.07,4000.0,18000.0,0.5164380221992944,0.5139298248612504
sly5_n24_e0,q20_from_e0,0.07,8000.0,18000.0,0.23085466005541305,0.22982010640631564
sly5_n24_e0,q20_from_e0,0.07,12000.0,18000.0,0.10485274313145505,0.10445869701716247
sly5_n24_e0,q20_from_e0,0.07,18000.0,18000.0,0.0,0.0
sly5_n24_e0_half,e0_diagonal,1.0,2000.0,18000.0,0.003883115478817004,0.0035472700334668963
sly5_n24_e0_half,e0_diagonal,1.0,4000.0,18000.0,0.0004004011342303517,0.00036589415673858724
sly5_n24_e0_half,e0_diagonal,1.0,8000.0,18000.0,8.796386610769783e-05,8.038360121633875e-05
sly5_n24_e0_half,e0_diagonal,1.0,12000.0,18000.0,3.1304056381892364e-05,2.860631455180333e-05
sly5_n24_e0_half,e0_diagonal,1.0,18000.0,18000.0,0.0,0.0
sly5_n24_e0_half,e0_diagonal,0.5,2000.0,18000.0,0.05909031585705673,0.05521855394752864
sly5_n24_e0_half,e0_diagonal,0.5,4000.0,18000.0,0.005618833758318475,0.0052500786272054335
sly5_n24_e0_half,e0_diagonal,0.5,8000.0,18000.0,0.0004679321581367811,0.0004376565558185172
sly5_n24_e0_half,e0_diagonal,0.5,12000.0,18000.0,0.00016626225231939514,0.00015430137337802934
sly5_n24_e0_half,e0_diagonal,0.5,18000.0,18000.0,0.0,0.0
sly5_n24_e0_half,e0_diagonal,0.2,2000.0,18000.0,0.34072592414094705,0.3274301525606354
sly5_n24_e0_half,e0_diagonal,0.2,4000.0,18000.0,0.1261209359282322,0.12143687938736245
sly5_n24_e0_half,e0_diagonal,0.2,8000.0,18000.0,0.01554332003961332,0.014970763711103927
sly5_n24_e0_half,e0_diagonal,0.2,12000.0,18000.0,0.0022803554399802167,0.002185125051877835
sly5_n24_e0_half,e0_diagonal,0.2,18000.0,18000.0,0.0,0.0
sly5_n24_e0_half,e0_diagonal,0.1,2000.0,18000.0,0.6368451912764135,0.620783814367924
sly5_n24_e0_half,e0_diagonal,0.1,4000.0,18000.0,0.36464215252077953,0.3566135313782836
sly5_n24_e0_half,e0_diagonal,0.1,8000.0,18000.0,0.12055697407887185,0.11805521160446777
sly5_n24_e0_half,e0_diagonal,0.1,12000.0,18000.0,0.04228517407260675,0.04144866729039966
sly5_n24_e0_half,e0_diagonal,0.1,18000.0,18000.0,0.0,0.0
sly5_n24_e0_half,e0_diagonal,0.07,2000.0,18000.0,0.7845411635797224,0.7685801330172924
sly5_n24_e0_half,e0_diagonal,0.07,4000.0,18000.0,0.5094679018482783,0.5007991004249038
sly5_n24_e0_half,e0_diagonal,0.07,8000.0,18000.0,0.2237591803312834,0.22032805807736902
sly5_n24_e0_half,e0_diagonal,0.07,12000.0,18000.0,0.10302747868192162,0.10154141214865142
sly5_n24_e0_half,e0_diagonal,0.07,18000.0,18000.0,0.0,0.0
sly5_n24_e0_half,q20_from_e0,1.0,2000.0,18000.0,0.004356569087266047,0.004210907648098531
sly5_n24_e0_half,q20_from_e0,1.0,4000.0,18000.0,0.00043275547933124126,0.00041836143759207224
sly5_n24_e0_half,q20_from_e0,1.0,8000.0,18000.0,9.505515145362571e-05,9.189278003728264e-05
sly5_n24_e0_half,q20_from_e0,1.0,12000.0,18000.0,3.3829214371039025e-05,3.2703683626764066e-05
sly5_n24_e0_half,q20_from_e0,1.0,18000.0,18000.0,0.0,0.0
sly5_n24_e0_half,q20_from_e0,0.5,2000.0,18000.0,0.06257806065036235,0.0611952541412112
sly5_n24_e0_half,q20_from_e0,0.5,4000.0,18000.0,0.005818019738572405,0.005688535730181504
sly5_n24_e0_half,q20_from_e0,0.5,8000.0,18000.0,0.0004850673869156556,0.00047479084719000115
sly5_n24_e0_half,q20_from_e0,0.5,12000.0,18000.0,0.0001723311970357469,0.00016720621130433943
sly5_n24_e0_half,q20_from_e0,0.5,18000.0,18000.0,0.0,0.0
sly5_n24_e0_half,q20_from_e0,0.2,2000.0,18000.0,0.34689641107337227,0.34280059173190436
sly5_n24_e0_half,q20_from_e0,0.2,4000.0,18000.0,0.12795139796143787,0.12650913027281485
sly5_n24_e0_half,q20_from_e0,0.2,8000.0,18000.0,0.016289764181645718,0.016105764761482764
sly5_n24_e0_half,q20_from_e0,0.2,12000.0,18000.0,0.0023303351790542382,0.002291054695036544
sly5_n24_e0_half,q20_from_e0,0.2,18000.0,18000.0,0.0,0.0
sly5_n24_e0_half,q20_from_e0,0.1,2000.0,18000.0,0.6443368770150957,0.6396348193624285
sly5_n24_e0_half,q20_from_e0,0.1,4000.0,18000.0,0.36936425813992,0.3670032193079173
sly5_n24_e0_half,q20_from_e0,0.1,8000.0,18000.0,0.12494452263500565,0.12417696858542951
sly5_n24_e0_half,q20_from_e0,0.1,12000.0,18000.0,0.043146672649335,0.04292110886323745
sly5_n24_e0_half,q20_from_e0,0.1,18000.0,18000.0,0.0,0.0
sly5_n24_e0_half,q20_from_e0,0.07,2000.0,18000.0,0.7934679830200912,0.7888882280707545
sly5_n24_e0_half,q20_from_e0,0.07,4000.0,18000.0,0.5164240651701671,0.5139155759552493
sly5_n24_e0_half,q20_from_e0,0.07,8000.0,18000.0,0.23084899765137648,0.22981435873369535
sly5_n24_e0_half,q20_from_e0,0.07,12000.0,18000.0,0.1048573787202837,0.10446328146412516
sly5_n24_e0_half,q20_from_e0,0.07,18000.0,18000.0,0.0,0.0
sly5_n24_e2,e2k0_diagonal,1.0,2000.0,18000.0,0.004737222925207837,0.004328057729494004
sly5_n24_e2,e2k0_diagonal,1.0,4000.0,18000.0,0.00040871532987666524,0.00037345375658785003
sly5_n24_e2,e2k0_diagonal,1.0,8000.0,18000.0,8.978322524323409e-05,8.20370160361693e-05
sly5_n24_e2,e2k0_diagonal,1.0,12000.0,18000.0,3.1960368003853253e-05,2.9202980162996407e-05
sly5_n24_e2,e2k0_diagonal,1.0,18000.0,18000.0,0.0,0.0
sly5_n24_e2,e2k0_diagonal,0.5,2000.0,18000.0,0.06560535218924853,0.06150817094276824
sly5_n24_e2,e2k0_diagonal,0.5,4000.0,18000.0,0.005446208078035891,0.005105869616028563
sly5_n24_e2,e2k0_diagonal,0.5,8000.0,18000.0,0.0004741389132845102,0.00044502417664334543
sly5_n24_e2,e2k0_diagonal,0.5,12000.0,18000.0,0.0001683543817163295,0.00015661734523800884
sly5_n24_e2,e2k0_diagonal,0.5,18000.0,18000.0,0.0,0.0
sly5_n24_e2,e2k0_diagonal,0.2,2000.0,18000.0,0.353038939100646,0.3403527906283647
sly5_n24_e2,e2k0_diagonal,0.2,4000.0,18000.0,0.12496816118323976,0.12070389361292744
sly5_n24_e2,e2k0_diagonal,0.2,8000.0,18000.0,0.01731965618328825,0.016733623693855688
sly5_n24_e2,e2k0_diagonal,0.2,12000.0,18000.0,0.00227881103980947,0.002188480324575121
sly5_n24_e2,e2k0_diagonal,0.2,18000.0,18000.0,0.0,0.0
sly5_n24_e2,e2k0_diagonal,0.1,2000.0,18000.0,0.65265838444392,0.6376948490916527
sly5_n24_e2,e2k0_diagonal,0.1,4000.0,18000.0,0.36672646501823397,0.35941171597187765
sly5_n24_e2,e2k0_diagonal,0.1,8000.0,18000.0,0.13011072313491645,0.12765554660252257
sly5_n24_e2,e2k0_diagonal,0.1,12000.0,18000.0,0.04272858618098214,0.04196343975311492
sly5_n24_e2,e2k0_diagonal,0.1,18000.0,18000.0,0.0,0.0
sly5_n24_e2,e2k0_diagonal,0.07,2000.0,18000.0,0.8029001840054418,0.7881343044888071
sly5_n24_e2,e2k0_diagonal,0.07,4000.0,18000.0,0.5150634472186618,0.507169467664829
sly5_n24_e2,e2k0_diagonal,0.07,8000.0,18000.0,0.2384765797958715,0.2351626819676049
sly5_n24_e2,e2k0_diagonal,0.07,12000.0,18000.0,0.10418252941289868,0.1028305682501853
sly5_n24_e2,e2k0_diagonal,0.07,18000.0,18000.0,0.0,0.0
sly5_n24_e2,q00_from_e2k0,1.0,2000.0,18000.0,0.004358987933868151,0.004213534876535157
sly5_n24_e2,q00_from_e2k0,1.0,4000.0,18000.0,0.0004329893368567562,0.0004186167906419621
sly5_n24_e2,q00_from_e2k0,1.0,8000.0,18000.0,9.510627795783e-05,9.19486371579296e-05
sly5_n24_e2,q00_from_e2k0,1.0,12000.0,18000.0,3.384739411125321e-05,3.272354930829675e-05
sly5_n24_e2,q00_from_e2k0,1.0,18000.0,18000.0,0.0,0.0
sly5_n24_e2,q00_from_e2k0,0.5,2000.0,18000.0,0.06261823260591119,0.06123778610309491
sly5_n24_e2,q00_from_e2k0,0.5,4000.0,18000.0,0.005822882976819646,0.005693592643385139
sly5_n24_e2,q00_from_e2k0,0.5,8000.0,18000.0,0.00048531785859863704,0.0004750619459681315
sly5_n24_e2,q00_from_e2k0,0.5,12000.0,18000.0,0.00017241955388137546,0.0001673000147942489
sly5_n24_e2,q00_from_e2k0,0.5,18000.0,18000.0,0.0,0.0
sly5_n24_e2,q00_from_e2k0,0.2,2000.0,18000.0,0.347075920119805,0.34298983852233444
sly5_n24_e2,q00_from_e2k0,0.2,4000.0,18000.0,0.12804726755606835,0.12660814645856372
sly5_n24_e2,q00_from_e2k0,0.2,8000.0,18000.0,0.016310597610043196,0.01612686871663872
sly5_n24_e2,q00_from_e2k0,0.2,12000.0,18000.0,0.0023315821390478813,0.002292328086759245
sly5_n24_e2,q00_from_e2k0,0.2,18000.0,18000.0,0.0,0.0
sly5_n24_e2,q00_from_e2k0,0.1,2000.0,18000.0,0.6446519431125355,0.6399636664992032
sly5_n24_e2,q00_from_e2k0,0.1,4000.0,18000.0,0.3696330141246959,0.36727821412384837
sly5_n24_e2,q00_from_e2k0,0.1,8000.0,18000.0,0.1250668906947038,0.12430096370636372
sly5_n24_e2,q00_from_e2k0,0.1,12000.0,18000.0,0.0431522442917817,0.04292734138431633
sly5_n24_e2,q00_from_e2k0,0.1,18000.0,18000.0,0.0,0.0
sly5_n24_e2,q00_from_e2k0,0.07,2000.0,18000.0,0.7938494103395173,0.7892847671517749
sly5_n24_e2,q00_from_e2k0,0.07,4000.0,18000.0,0.5167781363637515,0.5142768568951296
sly5_n24_e2,q00_from_e2k0,0.07,8000.0,18000.0,0.23102367905323956,0.22999162664977588
sly5_n24_e2,q00_from_e2k0,0.07,12000.0,18000.0,0.1048525535701511,0.1044598290213766
sly5_n24_e2,q00_from_e2k0,0.07,18000.0,18000.0,0.0,0.0
sly5_n32_e0,e0_diagonal,1.0,2000.0,8000.0,0.003845868911916,0.0035311462660305008
sly5_n32_e0,e0_diagonal,1.0,4000.0,8000.0,0.0003206638240927615,0.00029431175314613824
sly5_n32_e0,e0_diagonal,1.0,8000.0,8000.0,0.0,0.0
sly5_n32_e0,e0_diagonal,0.5,2000.0,8000.0,0.054223131778384705,0.050995347514978
sly5_n32_e0,e0_diagonal,0.5,4000.0,8000.0,0.004529806340148295,0.004261913104029932
sly5_n32_e0,e0_diagonal,0.5,8000.0,8000.0,0.0,0.0
sly5_n32_e0,e0_diagonal,0.2,2000.0,8000.0,0.31612934010099786,0.3043704341877616
sly5_n32_e0,e0_diagonal,0.2,4000.0,8000.0,0.1101464993545655,0.10623954211922772
sly5_n32_e0,e0_diagonal,0.2,8000.0,8000.0,0.0,0.0
sly5_n32_e0,e0_diagonal,0.1,2000.0,8000.0,0.6032337189954782,0.587668472711097
sly5_n32_e0,e0_diagonal,0.1,4000.0,8000.0,0.32221143322963836,0.31490989486246534
sly5_n32_e0,e0_diagonal,0.1,8000.0,8000.0,0.0,0.0
sly5_n32_e0,e0_diagonal,0.07,2000.0,8000.0,0.7354273698059425,0.7194484024476167
sly5_n32_e0,e0_diagonal,0.07,4000.0,8000.0,0.43600722260909025,0.4280516687823549
sly5_n32_e0,e0_diagonal,0.07,8000.0,8000.0,0.0,0.0
sly5_n32_e0,q20_from_e0,1.0,2000.0,8000.0,0.003817259986256836,0.003694967867325237
sly5_n32_e0,q20_from_e0,1.0,4000.0,8000.0,0.00033964032594558963,0.0003286709691719776
sly5_n32_e0,q20_from_e0,1.0,8000.0,8000.0,0.0,0.0
sly5_n32_e0,q20_from_e0,0.5,2000.0,8000.0,0.053459907315763215,0.05234609777937591
sly5_n32_e0,q20_from_e0,0.5,4000.0,8000.0,0.004877301509830617,0.0047772186565890355
sly5_n32_e0,q20_from_e0,0.5,8000.0,8000.0,0.0,0.0
sly5_n32_e0,q20_from_e0,0.2,2000.0,8000.0,0.31420447054456035,0.3104911404346792
sly5_n32_e0,q20_from_e0,0.2,4000.0,8000.0,0.1155288052754585,0.11422689154257025
sly5_n32_e0,q20_from_e0,0.2,8000.0,8000.0,0.0,0.0
sly5_n32_e0,q20_from_e0,0.1,2000.0,8000.0,0.6009999721043627,0.5962900491619082
sly5_n32_e0,q20_from_e0,0.1,4000.0,8000.0,0.3325005391255669,0.33018777831636015
sly5_n32_e0,q20_from_e0,0.1,8000.0,8000.0,0.0,0.0
sly5_n32_e0,q20_from_e0,0.07,2000.0,8000.0,0.7331488155114684,0.7283724758676118
sly5_n32_e0,q20_from_e0,0.07,4000.0,8000.0,0.4478246582395767,0.4453345296384801
sly5_n32_e0,q20_from_e0,0.07,8000.0,8000.0,0.0,0.0
